english,ewe
I did not pay attention to the brothers who were discussing in the courtyard,nyekpɔ nɔvinye siwo nɔ dze ɖom le xexe o
"In addition, not everyone has the means to buy books and many people depend on state structures,","gawu la, amesiame meɖo mɔnukpɔkpɔ aflẽ agbãlɛwo o, eye fiohaɖoɖowo kpɔa ame geɖewo gbɔ"
I have to get something better at all costs,makpɔ dɔ nyui bubu godoo
"I will take care of my husband until his last breath, and I will get all my money back,",male be na srɔ̃nye va se ɖe eƒe gbɔgbɔ mamlɔe eye maxɔ nye howo katã
"“The proof is that the sums of money involved are generally derisory, they are rarely greater than 0,000 FCFA. """,eye mesusu be amesi xɔ nu la ye woabu ƒɔ̃ wu amesi nunala la
"Two pieces, three pieces, four pieces then my fingers cross other fingers...Two flashes, then the light comes back","deka, eve etɔ̃ ene eye nye alɔ kli asibiɖe eve bubu... Eve nyɛ̃ɛ wona dzoa"
"The couple, who faced a lot of criticism due to their age difference, never paid attention to the gossipers",srɔ̃tɔ siawo si amewo  kpɔa baɖae la mekea nu de eme na wo o
So it's even more difficult to find AB blood bags-,eyata wosesẽ be woakpɔ ʋuƒomevi sia
"However, according to him, “Paris is not the city that gives the most money to associations of this type, far from it”","ke hã, ebe menye Paris ye nana ga wú le du siwo dea ga hatsotso siawo gɔme la o"
"And speaking of men, I finally see mine getting out of his taxi",ke mekpɔ srɔ̃nye wole dodom le tagzi me
"I will give them new deadlines, for all the money I owe them",maga na ɖoƒe yeyewo wo hena fe siwo menyi la tútu
"4- At the restaurantAt the ice cream parlor or at the restaurant, I like to read while waiting for my order to be brought to me,",le nuɖuƒe la melɔ̃ nuxexlẽ xenɔa nye nuɖuɖu lalam
"In the darkness, Youma saw something like a floating island emerge from the water and swim towards her: it was the old caiman.","Le vivitia me la, Yuma kpɔ nane dogo heƒu tsia gbɔna egbɔ abe anyigba si le tsi dzi la ene. Lo tsitsi la ye."
"As for drawing water from it, you shouldn't think about it either!","Ne tsi kuku tɔ ya la, mega susui gɔ hã o."
"The Government paid tribute, this Wednesday, September 23, 2020, to the compatriots victims of the terrorist attack of September 23, 1986",dziɖuɖua de bubu dumevi siwo kpɔ kú le akpasesẽduxɔnu siwo va eme le anyɔnyɔ 23 lia le ƒè 1986 lia me dzie
Each child brought him a pitcher of water.,Ɖevi ɖe sia ɖe ku tsi zevi ɖeka ɖeka vɛ.
"For drinking water, rest assured, there is a borehole that supplies the entire village with it.","ke hena tsi nono la, woɖe vudo aɖe si naa tsi dua katã"
"But it’s a great experience that gives me the opportunity to be paid for things I love: learning, writing, sharing.","nu nyuie wonye be woxea fe nam le nu si melɔna ta, nuxexle, nuŋɔŋlɔ kple numama"
"Between shopping and cooking, it took me almost the entire afternoon",nuƒeƒlea kple ɖaɖa la siaa xɔ ɣetrɔa katã le asinye
"We discover or rediscover the atrocities experienced by black people, torn from their families to be sold as slaves,",miekpɔ nugbegblẽ siwo katã me ameyibo to le esime woxɔwo le woƒe ƒomewo si yi ɖa  dzrawo abe ameƒeƒle ene
"In addition, the gentleman pays a dowry and one or more rings of 10,000 carats that he will offer her for their engagement and their wedding,","gawu la, ŋutsu na tabianu kple alɔgavi xɔasiwo si woatsɔ na le woƒe srɔ̃ɖeɖe me"
"“Under” our skies, the public media are in the pay of the regime in place. """,mia ŋtɔwo miekpɔe be dziɖuɖua ƒe nya nyui ko fioha nyakakadɔwɔƒewo gblɔna
"Their mother, busy at the store and with her two youngest children, sees nothing but fire,",woa dada si nɔa agbãdzraɖiƒe kple via eveawo mele naneke kpɔm o
They demanded a large quantity of monkey brains to cure him.,Wobia kese fe ahɔhɔ ƒe agbɔsɔsɔ aɖe ne woatsɔ ada dɔa nae.
"An adult ox sells for a very high price,",nyititi xɔa tsi ŋutɔ
"“This means that the apartment cannot be sold, given away, or mortgaged,” specifies Kira Iarmich, in a video posted on Twitter",Kira Iarmich gblɔ le nɔnɔmetata si woɖe ɖe go me be womate ŋu asa aƒea alo atsɔe ana ame alo adee awoba o
The nanny continued to advance slowly until the water came to her chest.,Mami la nɔ zɔzɔm ɖɔɖɔɖɔ vaseɖe esime tsia ɖo akɔta nae.
Bring me some water! I'm dying of thirst! I'm dying of thirst!,Miku tsi va nam. Tsikɔ le wuyem. Tsikɔ le wuyem.
"I don't like dates, yet it is the first food recommended by the Prophet Muhammad (saw) to break the fast",dat tikutsetse medoa dzidzɔ nam o ke hã eyae nyagblɔɖila muhamad ɖo be enye nyuitɔ hena nuʋuʋu
"The money that I took pleasure in counting every evening before falling asleep,",ho si mexlẽna ɣesiayi hafi mlɔ anyi
"Without paying attention to these words, Baffo threw twenty coins on the ground and walked away taking the canary.","Bafo metsɔ nya siawo wɔ dɔe o, etsɔ klosalo blave ƒugbe ɖe afima eye wotsɔ zevi la dzoe."
"It must be accompanied by a pack of 100 liter garbage bags and a deposit of 20,",miatsɔ gbeɖiɖɔ si axɔ liter alafa ɖeka kpeɖe  ŋu
"I was told that when you earn money, no matter how modest it is, you only put up with everything that happens at work","wobe ne fe si tum wole na wo mesɔgbɔ o hã la, wodoa dzi xɔa nu siwo katã le tuwom le dɔme faa"
Man is the only animal that sets his price on the market.,amegbetɔ enye lã ɖeka sie dee asixɔxɔ ye ŋutɔ eɖokui ŋu
A little bottle of candy to motivate the unbearable geek won't be able to ruin him,aha vivi ɖeka mana maɖu; agba o
"But avocado is not the only food to be endowed with such quality, reports Sputnik",ke hã menyte peya ɖeka ko mee ŋusẽ sia le o
"My FNAC tote bag was torn by a blade that I guess was sharp,",lãnu aɖe vuvu nye akpo
I also specify that I gave him my contribution to buy the cement,nyehã mena gae be woatsɔ aƒle simitie
"Siriki sat down, then rang the waitress to order another bottle of wine",Siriki n;lo anyi heyɔ nyɔnuvi la hedɔ wein bubu
"I’m done with the hotel and so I’m going to change inside in the toilets,” explained Bb Bouche Pointue",medzo le Hotel vɔ ekem mayi tsileƒea mayi ɖoli nu
"Blogger Yehni Djidji pointed out that there are even books priced at 500 and 1000 francs on the NEI CEDA and Edipresse publishing stand,",yaʋala nuŋlɔla Yehni Djidj gblɔ hã agbãlɛwo le afima le francs alafa atɔ̃ kple akpe ɖeka me le NEI tataƒea kple CEDA dɔwɔƒe
"You can buy “Vaudace” in electronic version on Kusoma,",miateŋu ƒlẽ «Vaudace» le Kusoma dzi
"A memory which was limited to the ban on the consumption of bush meat in Ivory Coast during the alert period,",ŋukuɖodzinu aɖe si ko le sedede kuɖe gbeme lã ɖuɖu le nyiɖuƒuta ɣeyiyi aɖewo
"But in the event of divorce, “only the part of the dowry given in cash can be reimbursed","ke ne woklã la, agbã ƒe akpa si nye ga asiasi koe woaxe"
I didn't realize it before buying it.,Nyemede dzesii alea hafi ƒlee o
Aristide's wife was informed by the Director of the Hotel in person of the death of her husband,Amedzrodzeƒedzikpɔla ŋutɔe aristide ƒe kunya la na srɔ̃a
"The different paintings created are on sale at prices ranging from 25,000 to 50,000 Francs,",kpe vovovo si wo wɔ le ho me franc 25000 yi 50000
"But the bread was intact,",gake abolo la li
The cola bag rots completely from one bad kola nut slipping in or being slipped into it.,gorosako la gblẽna kemkem ɖe goro gbegblẽ ɖeka si me eme la ta
"No more water, Coq Batay sang sadly as he left with his head bowed","Batay, koklotsua dzi ha nublanuitɔe hede ta agu be, Tsi aɖeke meli o."
"I buy from you often, right?",Me gbɔwoé meƒlea nu le edziedzia?
"During the trial, the man claimed to have distributed at least 53 kilos of marijuana through his Dream Market account",tanyae nye aɖaŋudɔwɔnuwo ƒe ameɖeɖe ɖe aga alo xɔxɔɖeme
I'm not going to pay for something I didn't do.,Nye ya nye mele fe xe ge de ame bubu ƒe nuvɔ ta o.
"After a month, he arrived in a place that looked like a piece of paradise.","Le dzinu ɖeka megbe la, evaɖo teƒe aɖe si le abe paradiso me ene."
"“Life in the West seems easy with its many financial benefits, its many opportunities for well-paid jobs.”",ale abe agbe le bɔbɔe le Europa le alesi wole bɔbɔe be woakpɔ dɔ kple fetu nyui si le eŋu la
"Indeed, money is one of the most common causes of conflict in a romantic relationship.",elabe ganyawoe hea dzre vana srɔtɔwo domee
"Sometimes success and money can cause him to lose sight of what's most important,","gaɖewome, ho kple  ŋugɔ yiyi ateŋu na miabu nusi le vevie"
"While the contents of my glass were stirring with pieces of ice, Marc retreated into the shower, at the end of the corridor.",esi menɔ nye aha mlɔm le kɔpua me la Marc yi tsi le ge
Bring the drinks here!,Mikɔ axàwo va afii
The big pachyderm had finished gobbling up tons and tons of food and was resting in the setting rays of the sun.,Lã lolo kpemi la nuɖuɖu ƒe agba kpekpewo na eɖokui henɔ ɖiɖim ɖe eme le ɣetoɖoɖo ƒe alɔdzewo te.
"This is why it is expensive throughout the market,",eyatae wò xɔ asi nene ma ɖo
"If we can meet before the match, or maybe at the hotel it will be easier","na miado go do ŋgɔ na ʋiʋlia alo le amedzrodzeƒea, anyo wú"
I've been sitting in the restaurant for five minutes,miniti atɔe nye esia mele nuɖuƒe la
David told me to pay attention and that it might be my bus,David gblɔ nam be maɖo ŋu ɖo elabe ate ŋu anye nye ʋu la
When I sold yam fries,esi metɔa koliko hedzranae
"This story does not concern me, but I couldn't help hailing a taxi to accompany Madame Kouassi",nya sia mekam o gake ɖeko nyehã meyɔ tagzi hekplɔ aƒenɔ Kouassi ɖo
"Around eleven o'clock, the Koba antelope arrived to drink from the fire rock.","Le ga wuiɖekɛ lɔƒo la, sea va tsi noge le tɔa ƒe agakpe la gbɔ."
"In addition, tomato puree is positioned as an alternative to a product that has since become increasingly criticized...",ke timati tutu la va abe xɔnametɔ ene le xoxotɔ si ta amewo le ɣli dom le la gbɔ
"“But have we understood that”? Will we stop overloading taxis, elevators, trains, motorbikes etc.? ""","ke ɖe míese egɔme be ele vevie be míadzidzɔ agbadodo gbɔ eme na míaƒe ʋuwo,dzokekewo,ketekewo kple bubuwo......."
But the third fruit came and hit the lion on its royal snout!,Ke kutsetse etɔlia vadze ƒe nugbɔ siŋu bubu le la.
"Today it also has a hotel on the waterfront and is one of the island's references,",egbela eɖo amedzrodzeƒe aɖe ɖe tɔa to si nye kpɔɖeŋu le afima
"I want him to buy me white lily flowers and make me laugh,",medi be neƒlẽ Lys Blanches seƒoƒowo nam eye woana makonu
Article 1: Let no one come and ask me for food.,"Se gbãtɔ, Ameɖeke megava biam nuɖuɖu o."
SolarCity intervenes in Tesla car charging stations and was bought by it,Solarcity naa kpekpeɖeŋu le Tedslaʋuwo dzodemeƒewo eye Tesla va ƒlee
"When the merchant returns, she said to herself, he will find the money instead of the canary.","Ne nudzrala va la, ele ga kpɔge le zevia teƒea. Esusu nenema."
"""""Indeed, as always, there is an entire industry that makes money off the desperation of others. ""","le nyateƒe me la ,amehatsotso aɖewo li siwo le hotsui kpɔm to amewo ƒe dziɖe le ameƒo nɔnɔme si me wole la"
"But as the appetite comes with eating, the family would always need the money from Sidiki Diabaté","eye esime detsi ivie xea kplɔ ta la, ƒomea gale sidiki ƒe ga dzim kokoko"
I figured the need to pay taxes would force me to look for ways to generate profits,amlɔkɔexexe ana be madi ga na dɔw;;fea
"My huge arms allow me to earn more money than any man in this village will ever see in his entire life,",nye abɔ gãwo na mekpɔ ho si ŋutsu aɖeke makpɔ le kɔƒe sia me o
"at length in fact, since I was still present when she began to distribute the food into various containers","dzidzie, elabe menɔ anyi hafi wole nuawo kam de agbawo me"
"He kept saying how much he missed my food, how poorly he ate since I left, and other nonsense like that.",ebe nye nuɖuɖu dzo ye eye yemegaɖu nu nyuie alea kpɔ tso esime medzo o kple lãnya bubuwo
"Guys, it's not that it's expensive, it's me who's not the target","menye ɖee woxɔ asi o, ke boŋ menye wowɔe na o"
onsommer Local is found in markets not supermarkets!,ŋuɖoɖo sie menana ame siwo lɔ̃am lae nye esi
"The environment, the personnel, the tools used, all this costs enormously,","nuƒoxlãwo, nufialawo, dɔ wɔnuwo esiawo katã xɔ ti ŋutɔ"
"I could settle for working, having money, reading, eating and traveling as much as possible,","madzro ko be mawɔ dɔ, akpɔ hotsui, axlẽ nu, aɖunu eye mazɔ̃ mɔ alesi medi"
She could have even invited him to the restaurant,ate ŋu akpee va nuɖuƒe hã faa
"Created on August 23, 2005, this private school has the lowest costs of the area",woʒu suku sia le dasiamime 23 lia dzi le ƒè 2005 me eye mexɔ ga sɔgbɔ o
"On the other side of the street, Fred, sitting in the front of his shop, recognized my mother, and rushed to meet us.",fred si nɔ eƒe fiasemɔnu le mɔa godo la kpɔ dada dzesi eye wova kpe mí
"It is only at the end of the day that the phone of Guillermo, Head of Staff of the hotel, rings: It’s Madame Philomène","ɣetrɔme hafi aƒenɔ Philomene yɔ Guillermo, dɔwɔladzikpɔla la"
"This is not the story of a young girl who was forced to sell her body,",menye ɖetugbuivi ŋutinya ɖe si dzi wote ɖo be woawɔ ahasi o
"The money raised will be used to help children with their education and to finance art workshops at the Eulis Center,",ho siwo miaxɔ akpeɖe miaŋu miaxe ɖeviawo ƒe suku fe kple aɖaŋu nu wɔwɔ le centre eulis
"How am I doing, when I decide to buy cheese and pickles, instead of buying our mother's medicine?",aleke manɔ ne megbe dada ƒe atsiwo ƒeƒle heyi ɖa ƒle numevivi na ɖokuinye mahã
"Maybe once I'm married I'll buy books in pairs so my husband and I can read and laugh together,","ɖewohĩ ne me ɖe srɔ̃ la, maƒlẽna agbãlɛ eve alebe nye kple srɔ̃nye miateŋu xlee eye akonu ɖe du"
Mark Zuckerberg's company has just put an end to it in an email sent to its customers,Markzukenberg ƒe adzɔa wu enu le lɛta aɖe si wona eƒe asisinɔwoe la me
Jim CollinsWe often hear about the importance of having a vision and the people who buy into that vision,ebe ele vevie be taɖodzinu nanɔ miasi kple ame siwo alɔ̃ ɖe esia dzi hã
"During our little trip to the market, sellers asked if Chouchou was my mother","esi mieyi asime la, nudzralawo bui be nɔnyee"
Zu!!!! Jessica lack of money in itself is not the problem.,me gamanɔamesie nye nya o
"The first minutes of shock passed, I thought about eating my condiment bread,","miniti sesẽawo megbe la, mesusu be maɖu nye abolo"
"He knew I was there, but paid me no attention",enya be meva ke hã meke nu de eme nam o
Airbnb: Cape Coast / Accra / Lomé Hotel Résidence les Cocotiers: Cotonou,Airbnb : Cape Coast  / Accra / Lomé Hôtel Résidence les Cocotiers : Cotonou
The water spirits of this place are called “mousous”.,Woyɔa teƒe ma ƒe tɔmevoduawo be Mamiwo.
"We have to leave if we want to find a taxi,","Ne míe be míakpɔ ʋu la, ele be míadzo"
"At that moment, my phone began to vibrate once again in my bag.",ɣeyiɣi sia tututu nye kaƒomɔp dze ʋuʋum le kpɛtɛa me
"I don't think I lacked courage when I held the door for her during our outings, or carried her bag when she was exhausted.",nyemenye gbɔdzɔgbɔdzɔtɔ esi meʋua ʋɔ nae ne miedo alo esi mexɔa eƒe kpɛte ne nu tsi kɔ nae la o
"I want him to buy me books that he himself liked, with some notes on the first page, about his relationship with the book,",medi be naƒle agbãlɛ siwo wolɔ̃ kple nuŋɔŋlɔ aɖewo si aɖe eƒe kadodo kple agbãlɛ
"You have to run and buy these drugs and you come back,",Miƒudzu ƒle atike siawo ne míava
"It is once again because or rather thanks to Lalla that I bought €œSelf-portrait of the author as a long-distance runner€,",eye to Lalla dzi kee meto ƒle «Autoportrait»
His ‘cash talk’ earns him both admirers and critics,esiae nye nusɔsrɔ̃ nyuitɔ si ŋu mi kple eve miekpɔ dzidzɔ le
"Why don't you go start your own family instead of spending your time eating my brother's rice and wearing out his sheets,",nukata meyi ɖa do ƒome anɔte nɔvi ƒe mɔlu ɖuɖu kple eƒe abadi vɔwo zazã
"No, she had nothing against paying for two",mevee be woatu wokple ve fea o
Kadio-Morokro to pay when he could,aƒetɔ kadio na xe fea ne ekpɔ ga ko
"She will want me to come over to her place to drink some fruit juice, or eat something",abe mavano atikutsetsetsi alo aɖu nane le ye gbɔ
"In the end, with everyone's contributions, and what we already had available, this camp cost around 50,000 euros.","le nuwuwu la, kple amewo ƒe alɔdo kpakple nusi le miasi la mɔkeke sia xɔ franc 50000"
We must also pay particular attention to our relationships with others.,miedɔ la tsɔ belele tɔhɛ ana kadede si nɔa mi kple miatɔwo dome la
"In November, we will pay a visit to the children living in the civil prison of Abidjan with their imprisoned mothers","le adeɛmekpɔxe me la, mieyina ɖe ɖevi siwo le wonɔwo gbɔ le gakpɔme le"
"It was with will and courage that he went to get her from his office, to seat her at the table of this pretty restaurant in the capital.",vevdonu woheyi kploe le dɔme yi nuɖuƒe ma
"The first manager of the hotel reported the facts as they happened, while avoiding mentioning the chambermaids.",dzikpɔla la gblɔ ale si nuawo va eme ke meyɔ xɔmedzraɖolawo ŋkɔ o
"The only acceptable way to waste your time on earth is online shopping,",mɔnu ɖeka si dzi na to agu wo ɣeyiyi le anyigbãdzi la enye nuƒeƒlẽ to yaʋalawo dzi
I discovered Scheena Donia during a competition she organized with Orange Money for African entrepreneurs.,menyae to Orange money hoʋiʋli aɖe si wowɔ na afrika dɔ;woƒeɖolawo la me
"We talk with motorcycle taxi drivers,",miele dze ɖom kple zémidjan kulawo
"She gave herself a deadline of one year to raise money and return to open a farm in her country,",etsɔ eɖokui na to yaʋala dzi ƒe ɖeka xekpɔ ga gbɔ va ɖo agble aɖe le eƒe du me
"Right next to us, a woman is removing water from a canoe,","le miaƒe akpa dzi la, nyɔnuaɖe le kpam le tɔdziʋuaɖe me"
No new cars sold in California can be equipped with a diesel or gasoline engine from 2035,ʋu yeye siwo katã woadzra le california le ƒè 2035 me la magazã petroĩdzini alo gazuwɔeli o
"In addition, the English championship no longer seems to be active on the market with a peak of activity occurring a few weeks ago.","ga wu la, ɛŋlisiawo megale dzodzom ɖe nuƒeƒle ŋu abe alesi wonɔ  va yi ene o"
