english,ga
What is the name of the new gospel show launched by Nii Noi on Hitz FM?,Mɛni ji sanekpakpa nifeemɔ hee ni Nai Noi je shishi yɛ Hitz FM lɛ gbɛi?
I'm interested in learning more about family planning in Ghana. What were the main findings of the study on family planning among married couples in the Akwapim North District of Ghana?,"Miyɛ he miishɛɛ akɛ makase weku gbɛjianɔtoo he nii babaoo yɛ Ghana. Mɛni ji nibii titrii ni ana yɛ weku gbɛjianɔtoo he nikasemɔ ko ni afee yɛ gbalashihilɛ mli hefatalɔi ateŋ yɛ Akwapim North District, yɛ Ghana lɛ mli?"
I read about a fifteen-year-old girl who defended her family using an AK-forty-seven rifle. Can you tell me more about the incident?,Mikane gbekɛ yoo ko ni eye afii nyɔŋma kɛ enumɔ ni kɛ AK-47 tu fã eweku lɛ he lɛ he sane. Ani obaanyɛ okɛɛ mi nɔ ni ba lɛ he saji babaoo?
What is the name of the philanthropist who recently donated a classroom block to a school in Ghana?,Mɛni ji mɔ ni feɔ mɛi ejurɔ ni kɛ klas tsũ ko ha skul ko ni yɔɔ Ghana lɛ nyɛsɛɛ nɛɛ gbɛi?
What is the significance of Accra being named the UNESCO World Book Capital for two thousand and twenty-three?,Mɛni ji shishinumɔ ni yɔɔ Accra ni atsɛɔ lɛ UNESCO Jeŋ Wolo Maŋtiase kɛha afii akpei enyɔ kɛ nyɔŋmai enyɔ kɛ etɛ lɛ he?
I heard that Ghana's domestic tourism sector is doing well. Can you tell me more about it?,Minu akɛ Ghana maŋ lɛ mli shisharamɔ nitsumɔ lɛ miitsu nii jogbaŋŋ. Ani obaanyɛ okɛɛ mi ehe saji babaoo?
I'm trying to understand the concept of cost-benefit analysis in the context of environmental economics. Can you provide a general overview of the topic and some references to relevant research?,Miibɔ mɔdɛŋ ni manu shika-sɛɛnamɔ mlipɛimɔ shishi kɛjɛ shihilɛ mli shika helɛtemɔ he susumɔ mli. Ani obaanyɛ okɛ saneyitso lɛ he saji kukuji kɛ niiamlitaomɔi ni kɔɔ he lɛ ekomɛi aha?
I heard that the New Patriotic Party (NPP) is going on a 'Thank You' tour. What's the purpose of this tour?,Mi nu akɛ Patriots Party hee lɛ miifee ‘Shidaa’ gbɛfaa. Mɛni ji saramɔ nɛɛ yiŋtoo?
What is the name of the Ghanaian-based UK Afro-fusion artist who is set to make a global impact with her latest single?,Namɔ ji Ghana UK Afro-fusion lalafolɔ ni ato he gbɛjianɔ koni ekɛ e-single hee lɛ afee majimaji ateŋ hewalɛ?
I'm trying to understand the process of risk management in construction projects. Can you explain the initial phase of risk management according to ISO thirty-one thousand?,Miibɔ mɔdɛŋ ni manu bɔ ni akwɛɔ osharai anɔ yɛ tsumaa nitsumɔi amli lɛ shishi. Ani obaanyɛ otsɔɔ klɛŋklɛŋ gbɛ ni atsɔɔ nɔ akwɛɔ osharai anɔ yɛ ISO 31000 lɛ naa?
I'm trying to understand the Multiple Knapsack Problem (MKP) and its algorithm. Can you explain it to me?,Miibɔ mɔdɛŋ ni manu Knapsack Naagbai Srɔtoi (MKP) lɛ kɛ e-algorithm lɛ shishi. obaanyɛ otsɔɔ mi mli
I'm trying to understand the concept of Total Dissolved Solids (TDS) in water. Can you explain what it is and how it's measured?,Miibɔ mɔdɛŋ ni manu shishinumɔ ni ji nibii ni mli wa ni mli edɔ fɛɛ (TDS) ni yɔɔ nu mli lɛ shishi. Ani obaanyɛ otsɔɔ nɔ ni eji kɛ bɔ ni asusuɔ lɛ ahaa?
I'm trying to understand the concept of logistic regression. Can you explain it in simple terms?,Miibɔ mɔdɛŋ ni manu shishinumɔ ni ji logistic regression lɛ shishi. Ani obaanyɛ okɛ wiemɔi ni waaa atsɔɔ mli?
I'm trying to understand how soil pH affects the conversion of NH4+ to NH3. Can you explain it to me?,Miibɔ mɔdɛŋ ni manu bɔ ni shikpɔŋ pH lɛ saa NH4+ kɛyaa NH3 lɛ shishi. obaanyɛ otsɔɔ mi mli
I'm trying to understand Generalized Estimating Equations (GEE) and their application in correlated data. Can you explain the basic concept of GEE and how it differs from traditional GLMs?,Miibɔ mɔdɛŋ ni manu bɔ ni asusuɔ nii ahe ahaa (GEE) kɛ bɔ ni akɛtsuɔ nii ahaa lɛ shishi kɛ saji ni kɔɔ he. Ani obaanyɛ otsɔɔ shishijee shishinumɔ ni yɔɔ GLM he kɛ bɔ ni esoro lɛ yɛ blema GLMi lɛ ahe lɛ mli?
I've been reading about family planning in Ghana. What are some of the reasons why men might not be involved in family planning decisions?,Mikane weku gbɛjianɔtoo he sane yɛ Ghana. Mɛni ji yiŋtoi komɛi ahewɔ ni hii kɛ amɛhe wooo weku gbɛjianɔtoo he yiŋkpɛɛi amli lɛ?
I came across a research study on public procurement in Ghana and I'm trying to understand the methodology used. Can you tell me more about the sampling technique employed in the study?,Mikɛ niiamlitaomɔ nikasemɔ ko ni kɔɔ maŋ nibii ahe yɛ Ghana lɛ kpe ni miitao manu gbɛ ni atsɔɔ nɔ atsuɔ nii lɛ shishi. Ani obaanyɛ okɛɛ mi gbɛ ni atsɔɔ nɔ ahalaa mɛi ni akɛtsu nii yɛ nikasemɔ lɛ mli lɛ he saji babaoo?
What are the names of the three schools competing in the two thousand and twenty-five NSMQ Grand Finale?,Mɛni ji skul etɛ ni kɛ amɛhe baawo 2025 NSMQ Grand Final lɛ mli lɛ agbɛi?
I'm trying to understand the district tender system in Ghana. Can you explain how it works?,Miibɔ mɔdɛŋ ni manu kpokpaa nɔ nibii ni akɛwoɔ jara nɔ yɛ Ghana lɛ shishi. Ani obaanyɛ otsɔɔ bɔ ni etsuɔ ​​nii ehaa lɛ mli?
I'm trying to understand the concept of axiology in research. Can you explain it to me?,Miibɔ mɔdɛŋ ni manu shishinumɔ ni ji axiology yɛ niiamlitaomɔ mli lɛ shishi. obaanyɛ otsɔɔ mi mli
What is the current status of Ghana's Promotion of Proper Human Sexual Rights and Ghanaian Family Values Bill?,Mɛni ji shihilɛ ni Ghana adesai abɔlɛnamɔ hegbɛi kɛ Ghana Weku Shihilɛ He Mla lɛ he nitsumɔ ni sa lɛ yɔɔ amrɔ nɛɛ?
I'm trying to understand the Agreement on Customs Valuation (ACV). Can you explain what the transaction value of goods means in the context of customs valuation?,Miibɔ mɔdɛŋ ni manu Customs Valuation (ACV) kpaŋmɔ lɛ shishi. Ani obaanyɛ otsɔɔ nɔ ni nibii ni akɛheɔ jara lɛ tsɔɔ yɛ kusum mli jara ni akɛhaa lɛ mli?
What percentage of respondents in the Ghanaian research article knew where to get family planning methods?,Mɛi enyiɛ ni abibii amɛ saji yɛ Ghana niiamlitaomɔ sane lɛ mli lɛ le he ni amɛbaanyɛ amɛna gbɛi ni atsɔɔ nɔ atoɔ weku he gbɛjianɔ yɛ?
I'm trying to understand how cancer develops. Can you explain the role of tumour suppressor genes?,Miibɔ mɔdɛŋ ni manu bɔ ni kansa baa lɛ shishi. Ani obaanyɛ otsɔɔ gbɛfaŋnɔ ni tsɛŋemɔ helai ni haa mɔ he jɔ̃ɔ ehe lɛ tsuɔ lɛ mli?
I'm trying to understand how the file download module in SecureMyFiles works. Can you explain it to me?,Miibɔ mɔdɛŋ ni manu bɔ ni faili ni ajieɔ kɛjɛɔ SecureMyFiles lɛ mli lɛ tsuɔ nii eha lɛ shishi. obaanyɛ otsɔɔ mi mli
I'm trying to understand the different methods for assaying bilirubin. Can you explain the acid diazo method used in the JAS direct bilirubin reagent?,Miibɔ mɔdɛŋ ni manu gbɛi srɔtoi ni akɛkaa bilirubin lɛ shishi. Ani obaanyɛ otsɔɔ gbɛ ni atsɔɔ nɔ akɛ acid diazo tsuɔ nii yɛ JAS tsɔne ni akɛkwɛɔ lá mli tɛ̃ɛ lɛ mli?
I'm trying to understand the concept of multiple logistic regression. Can you explain how it works and how it's different from univariate logistic regression?,Miibɔ mɔdɛŋ ni manu shishinumɔ ni ji logistic regression babaoo lɛ shishi. Ani obaanyɛ otsɔɔ bɔ ni etsuɔ ​​nii ehaa kɛ bɔ ni esoro lɛ kwraa yɛ univariate logistic regression he lɛ mli?
What is the reason behind Turkey's request to change its name to Turkiye?,Mɛni he je nɛ Turkey tsake e biɛ kɛ pee Turki ɔ?
"I'm trying to understand the steps involved in the algorithm used in this research. Can you explain the initial steps, specifically steps eleven and thirteen?","Miibɔ mɔdɛŋ ni manu gbɛi ni yɔɔ algorithm ni akɛtsu nii yɛ nikasemɔ nɛɛ mli lɛ shishi. Ani obaanyɛ otsɔɔ klɛŋklɛŋ gbɛi lɛ amli, titri lɛ gbɛi nyɔŋma kɛ ekome kɛ nyɔŋma kɛ etɛ lɛ?"
What happened to Jay Foley on the Joy Prime Morning show on the twenty-sixth of May in the year twenty twenty?,Mɛni Ba Jay Foley nɔ yɛ Joey Prime Leebi Nifeemɔ lɛ mli yɛ May 26th yɛ ŋmɛlɛtswai nyɔŋmai enyɔ kɛ enyɔ?
I'm interested in learning more about how family income affects students' career aspirations in Ghana. What are some key findings from recent research?,Miyɛ he miishɛɛ akɛ makase babaoo yɛ bɔ ni weku shika ni anáa lɛ saa nikaselɔi anitsumɔ he shwelɛi ahe yɛ Ghana lɛ he. Mɛni ji nibii titrii komɛi ni ana kɛjɛ niiamlitaomɔ ko ni afee nyɛsɛɛ nɛɛ mli?
"What is the name of the person who passed away, according to the obituary published on the twenty-second of May in the year twenty eighteen?",Mɛni ji mɔ ni gbo lɛ gbɛi taakɛ gbonyo he wolo ni akala yɛ May gbii nyɔŋmai enyɔ kɛ enyɔ lɛ nɔ yɛ afi ni ji nyɔŋmai enyɔ kɛ kpaanyɔ lɛ mli lɛ tsɔɔ lɛ?
I'm trying to understand the regulations around workplace safety and health in Ghana. Can you tell me about the requirements for maintaining a general register in factories and offices?,Miibɔ mɔdɛŋ ni manu mlai ni kɔɔ nitsumɔhe shweshweeshwefeemɔ kɛ gbɔmɔtsoŋ hewalɛnamɔ he yɛ Ghana lɛ shishi. Ani obaanyɛ okɛɛ mi taomɔ nii ni kɔɔ nibii ni ataoɔ koni akɛkwɛ nibii ni aŋmala ashwie shi yɛ nitsumɔhei kɛ nitsumɔhei lɛ anɔ lɛ he?
I'm trying to understand the best practices for managing school finances in Ghana. Can you tell me about the recommended methods for disbursing high-value funds?,Miibɔ mɔdɛŋ ni manu nifeemɔi ni hi fe fɛɛ ni akɛkwɛɔ skul shika nɔ yɛ Ghana lɛ shishi. Ani obaanyɛ okɛɛ mi gbɛi ni atsɔɔ nɔ awoɔ shika ni jara wa waa lɛ he nyɔmɔ?
I'm interested in learning more about the Akan people's concept of God. Can you tell me about the different names they use to refer to God?,Miyɛ he miishɛɛ akɛ makase bɔ ni Akanbii lɛ susuɔ Nyɔŋmɔ he amɛhaa lɛ he nii babaoo. Tsɔɔmɔ mi gbɛi srɔtoi ni akɛtsɛɔ Nyɔŋmɔ lɛ ahe sane?
What was the occasion when Bioko Treats hosted patrons to an evening of delightful chorals?,Mɛni ji be ni Bio Medicine lɛ kɛ mɛi ni baahe nii lɛ ye lalafolɔi akuu gbɛkɛ ko ni yɔɔ miishɛɛ?
"I've been trying to understand project management techniques, specifically network analysis. Can you explain the concept of an activity table and how it relates to project planning?","Mibɔ mɔdɛŋ ni manu nitsumɔ lɛ he gbɛjianɔtoo he ŋaai ashishi, titri lɛ, tsɔne ni akɛtswaa adafitswaa lɛ mlipɛimɔ. Ani obaanyɛ otsɔɔ nifeemɔ he mfoniri he susumɔ lɛ mli kɛ bɔ ni ekɔɔ nitsumɔ he gbɛjianɔtoo he lɛ mli?"
"Hello, I'm interested in learning about the financial literacy of staff at KNUST. Can you tell me about the importance of maintaining adequate financial records?",Miyɛ miishɛɛ akɛ male shika he nilee ni nitsulɔi ni yɔɔ KNUST lɛ yɔɔ lɛ ahe. Ani obaanyɛ okɛɛ mi bɔ ni ehe hiaa ni akwɛ shika he saji anɔ jogbaŋŋ lɛ he sane?
I came across a research article about the banking sector in Ghana and I'm trying to understand the trends in their performance. Can you tell me more about the Return on Capital Employed (ROCE) ratio?,Mikɛ niiamlitaomɔ wolo ko ni kɔɔ shikatoohe nitsumɔ ni yɔɔ Ghana lɛ he lɛ kpe ni miitao manu bɔ ni amɛtsuɔ nii amɛhaa lɛ shishi. Ani obaanyɛ okɛɛ mi ROCE ratio lɛ he saji babaoo?
What are the names of some rural banks in the Ashanti Region of Ghana?,Mɛni ji akrowai amli shikatoohei komɛi ni yɔɔ Ashanti kpokpaa ni yɔɔ Ghana lɛ nɔ lɛ agbɛi?
I'm trying to understand the different types of distributions used in hydrology. Can you explain the gamma distribution and its application in this field?,Miibɔ mɔdɛŋ ni manu mlijaai srɔtoi ni akɛtsuɔ nii yɛ nu he nikasemɔ mli lɛ shishi. Ani obaanyɛ otsɔɔ gamma mlijaa kɛ bɔ ni akɛtsuɔ nii yɛ nɛkɛ nitsumɔ nɛɛ mli lɛ mli?
I'm trying to understand the process of allocating to the least cost cell in the context of transportation tables. Can you explain how it works?,Miibɔ mɔdɛŋ ni manu gbɛ ni atsɔɔ nɔ akɛ cell ni jara waaa fe fɛɛ haa yɛ gbɛfaa okpɔlɔi lɛ amli lɛ shishi. Ani obaanyɛ otsɔɔ bɔ ni etsuɔ ​​nii ehaa lɛ mli?
I heard that United Nigeria Airlines named an aircraft after a former Ghanaian leader. Can you tell me more about it?,Mi nu akɛ United Nigeria Airlines wo kɔɔyɔŋ lɛlɛ ko gbɛi yɛ tsutsu Ghana hiɛnyiɛlɔ ko gbɛi nɔ. Ani obaanyɛ okɛɛ mi ehe saji babaoo?
I'm trying to understand the behavior of the HIV-one virus on CD4+ T-cells. Can you explain what happens when the fractal dimensions and fractional orders decrease?,Miibɔ mɔdɛŋ ni manu bɔ ni HIV-1 hela lɛ feɔ enii ehaa yɛ CD4+ T-cells lɛ shishi. Ani obaanyɛ otsɔɔ nɔ ni baa kɛji akɛ fãi amli fãi kɛ fãi amli fãi amli gbɛjianɔtoo lɛ ba shi lɛ mli?
I'm trying to understand the concept of Granger causality in economics. Can you explain it to me?,Miibɔ mɔdɛŋ ni manu Granger causality shishi yɛ shika helɛtemɔ mli. obaanyɛ otsɔɔ mi mli
I'm trying to understand the research on road traffic fatalities in Ghana. Can you explain to me what the random slope model M2 is and how it's used in this context?,Miibɔ mɔdɛŋ ni manu niiamlitaomɔ ni afee yɛ gbɛjegbɛ nɔ tsɔnei ni gbeɔ mɛi yɛ Ghana lɛ shishi. Ani obaanyɛ otsɔɔ mi nɔ ni random slope model M2 lɛ ji kɛ bɔ ni akɛtsuɔ nii yɛ sane nɛɛ mli?
"What is the name of the new Netflix show announced by Meghan, the Duchess of Sussex?","Mɛni ji Netflix nifeemɔ hee ni Meghan, ni ji Sussex maŋtsɛ yoo lɛ tswa he adafi lɛ gbɛi?"
What is the name of the song that Ellah released a video for?,Mɛni ji lala ni Elahi jie vidio kɛha lɛ lɛ gbɛi?
I'm trying to understand more about malaria in Ghana. Can you tell me what type of parasite is responsible for most of the deaths and morbidity associated with malaria in Ghana?,Miibɔ mɔdɛŋ ni manu atiridii ni yɔɔ Ghana lɛ he saji babaoo shishi. Kɛɛmɔ mi mɛɛ parasite ji nɔ ni kɛ gbelei kɛ helai ni jɛɔ atiridii mli baa lɛ ateŋ babaoo baa yɛ Ghana?
I'm trying to understand performance management in organizations. Can you explain the shift in emphasis from top-down appraisal to self-appraisal in performance management?,Miibɔ mɔdɛŋ ni manu nitsumɔ he gbɛjianɔtoo shishi yɛ gbɛjianɔtoo ko mli. Ani obaanyɛ otsɔɔ tsakemɔ ni eba yɛ nɔ ni ama nɔ mi kɛjɛ ŋwɛi-shishi sɛɛyoomɔ mli kɛtee he-kɛ-afɔleshaa mli yɛ nitsumɔ he gbɛjianɔtoo mli lɛ mli?
What's the current status of the Human Sexual Rights and Family Values Bill in Ghana?,Mɛni ji shihilɛ ni yɔɔ Adesai Ahegbɛi kɛ Weku Shihilɛ He Mla lɛ mli yɛ Ghana amrɔ nɛɛ?
I'm interested in learning more about the relationship between Islam and family planning in Ghana. Can you tell me a bit about the research that's been done on this topic?,Miyɛ he miishɛɛ akɛ makase wekukpaa ni kã Islam kɛ weku gbɛjianɔtoo teŋ yɛ Ghana lɛ he nii babaoo. Ani obaanyɛ okɛɛ mi niiamlitaomɔ ni afee yɛ saneyitso nɛɛ he lɛ he sane fioo?
I heard AratheJay is having a concert. What's the name of the concert and when is it happening?,"Mi nu akɛ Arateje miifee lalatswaa. Mɛni ji gbɛi ni akɛtsɛɔ lalatswaa nifeemɔ lɛ, ni mɛɛ be afeɔ lɛ?"
I'm trying to understand how markets work in Ghana. Can you explain what a Bilateral Monopolist Market is?,Miibɔ mɔdɛŋ ni manu bɔ ni jarayeli hei tsuɔ nii yɛ Ghana lɛ shishi. Ani obaanyɛ otsɔɔ nɔ ni jarayeli ni ji binary monopolist lɛ ji?
"What did Kofi Amoabeng, the co-founder of defunct UT Bank, reveal about his personal life on the Prime Morning Show on Monday?",Mɛni UT Bank shishitolɔ Kofi Amoabeng ni ajie lɛ lɛ jie lɛ kpo yɛ lɛ diɛŋtsɛ eshihilɛ he yɛ Prime Morning Show lɛ mli yɛ Hɔɔ?
I'm trying to understand the concept of cash management in a business setting. Can you explain what cash management is and its importance?,Miibɔ mɔdɛŋ ni manu shika he gbɛjianɔtoo he susumɔ lɛ shishi yɛ jarayeli shihilɛ mli. Ani obaanyɛ otsɔɔ nɔ ni shika he gbɛjianɔtoo ji kɛ bɔ ni ehe hiaa ha lɛ mli?
What led to Strategic Mobilisation Ghana Limited (SML) changing its name from Strategic Mobilisation Enhancement Limited (SMEL)?,Mɛni ha nitsumɔhe nine ni feɔ nibii ni haa mɔ tsui nyɔɔ emli lɛ tsake egbɛi kɛjɛ nitsumɔhe nine lɛ mli?
I heard that the banking industry in Ghana is doing well. Can you tell me more about that?,Minu akɛ shikatoohe nitsumɔ ni yɔɔ Ghana lɛ miiya nɔ jogbaŋŋ. Ani obaanyɛ okɛɛ mi enɛ he saji babaoo?
What's the main message in the 'Message from the Morning Man: Sharp' article published on the twenty-seventh of May in the year twenty twenty-one?,mii
Who was named Fintech Executive of the Year at the Ghana Executive Awards two thousand and twenty-five?,Ahala lɛ akɛ 2025 FinTech Nɔkwɛlɔ ni Fe Fɛɛ yɛ Ghana Nɔkwɛlɔi Awards lɛ mli?
I'm trying to understand the relationship between inflammation and coagulation. Can you explain how they're connected?,Miibɔ mɔdɛŋ ni manu tsakpaa ni yɔɔ fuumɔ kɛ lá ni hoɔ yɛ gbɔmɔtso lɛ teŋ lɛ shishi. Ani obaanyɛ otsɔɔ bɔ ni fee ni amɛkpe?
I've been trying to understand the concept of Accounts Receivable Collection Period (ACP) in the context of a firm's financial management. Can you explain it to me?,Mibɔ mɔdɛŋ ni manu shishinumɔ ni ji accounting accrual period (ACP) lɛ shishi yɛ gbɛjianɔtoo ko shika he gbɛjianɔtoo mli. obaanyɛ otsɔɔ mi mli
I'm trying to understand the Black-Scholes model for option pricing. Can you explain the concept of a riskless portfolio in this context?,Miibɔ mɔdɛŋ ni manu Black-Scholes nɔkwɛmɔnɔ lɛ shishi kɛha nibii ni ahala lɛ ahe jara. Ani obaanyɛ otsɔɔ shishinumɔ ni ji nitsumɔ wolo ni oshara bɛ mli lɛ mli yɛ nɛkɛ sane nɛɛ mli?
What happened in Konongo on the evening of the sixth of November in the year twenty twenty-four?,Mɛni ba yɛ Konongo yɛ November 24 gbɛkɛ ni ji ekpaa lɛ nɔ?
I'm trying to understand some concepts from a Ghanaian research article. Can you help me interpret the residuals plot of the standardized residuals? What does it indicate?,Miibɔ mɔdɛŋ ni manu susumɔi komɛi ni jɛ Ghana niiamlitaomɔ wolo lɛ mli lɛ shishi. Ani obaanyɛ oye obua mi ni matsɔɔ sɛɛkuu ni eshwɛ ni ato he gbɛjianɔ lɛ shishi? Mɛni etsɔɔ?
What is the National Coalition for Proper Human Sexual Rights and Family Values planning to do on the twenty-eighth of October in the year twenty twenty-five?,Mɛni ji nɔ ni Maŋ Kuu ni Kwɛɔ Adesai Abɔlɛ Hegbɛi Diɛŋtsɛ kɛ Weku Shihilɛ Mli lɛ eto gbɛjianɔ akɛ ebaafee yɛ October nyɔŋmai enyɔ kɛ kpaanyɔ yɛ afii nyɔŋmai enyɔ kɛ enumɔ mli?
What is the name of the real estate company that won the CIMG Marketing Oriented Real Estate Company of the Year award for the third time running?,Mɛni ji shikpɔŋ kɛ tsũi ahe nitsumɔhe ni ye CMG jarayeli nitsumɔ ni fe fɛɛ yɛ afi lɛ mli lɛ jweremɔ nii lɛ gbɛi shii etɛ nɔ?
I've heard that the use of modern family planning methods is increasing in some African countries. Can you tell me more about this trend?,Minu akɛ ŋmɛnɛŋmɛnɛ beaŋ gbɛi ni atsɔɔ nɔ atoɔ weku he gbɛjianɔ lɛ miiya hiɛ waa yɛ Afrika maji komɛi amli. Ani obaanyɛ okɛɛ mi nibii babaoo yɛ nɛkɛ nifeemɔ nɛɛ he?
I read an article about a man named Winston who had a bad experience with his girlfriend Rhoda on Valentine's Day. What happened?,Mikane sane ko ni kɔɔ nuu ko ni atsɛɔ lɛ Winston ni kɛ enaanyo yoo Rhoda ná niiashikpamɔ gbonyo yɛ Valentine gbi lɛ nɔ lɛ he. meni ba?
"I'm trying to understand the soil composition in Ghana, specifically in the study areas of Mampong and Wenchi. Can you explain the main differences between Ferric Lixisol and Chromic Luvisol?","Miibɔ mɔdɛŋ ni manu bɔ ni shikpɔŋ ni yɔɔ Ghana lɛ yɔɔ ha lɛ shishi, titri lɛ yɛ Mampong kɛ Wenchi nikasemɔ hei lɛ. Ani obaanyɛ otsɔɔ srɔtofeemɔi titri ni yɔɔ Ferric Lisolisol kɛ Chromic Luvisol teŋ lɛ mli?"
I'm trying to understand the concept of random walk hypothesis in the context of stock prices. Can you explain it to me?,Miibɔ mɔdɛŋ ni manu shishinumɔ ni ji random walk hypothesis lɛ shishi yɛ nibii ahe jara he. obaanyɛ otsɔɔ mi mli
I'm interested in learning more about family planning in Ghana. What are some key elements of fertility stages in the country?,Miyɛ he miishɛɛ akɛ makase weku gbɛjianɔtoo he nii babaoo yɛ Ghana. Mɛni ji nibii titrii komɛi ni haa fɔmɔ yaa hiɛ yɛ maŋ lɛ mli?
I'm trying to understand how to measure the risk of a mutual fund investment. Can you explain the concept of beta and how it relates to systematic risk?,Miibɔ mɔdɛŋ ni manu bɔ ni asusuɔ oshara ni yɔɔ shika ni akɛwoɔ shikatoohe lɛ mli lɛ shishi. Ani obaanyɛ otsɔɔ shishinumɔ ni ji beta lɛ mli kɛ bɔ ni ekɛ oshara ni yɔɔ gbɛjianɔtoo mli lɛ yɔɔ tsakpaa ha lɛ mli?
"What happened to the family of George Mireku Duker, the Tarkwa-Nsuaem MP, on Saturday, October ten?","Mɛni ba George Mireku Duker, ni ji Tarqua-Nsuwem maŋ onukpa lɛ weku lɛ nɔ yɛ Hɔgbaa, Otukwajaŋ 10?"
I heard about a new song by Strongman. What's the name of the song?,Minu lala hee ko ni kɔɔ Strongman he. Mɛni ji lala lɛ gbɛi?
I'm trying to understand the concept of lipid peroxidation. Can you explain it to me?,Miibɔ mɔdɛŋ ni manu shishinumɔ ni ji lipid peroxidation lɛ shishi. obaanyɛ otsɔɔ mi mli
What was notable about the funeral ceremony of the Gagbo family in the Oti Region on the seventh of August in the year twenty twenty-one?,Mɛni ji nɔ ni sa kadimɔ waa yɛ afi ni ji 21 ni akɛfu Gagbo weku lɛ yɛ Oti kpokpaa lɛ nɔ yɛ August gbi kpawo lɛ nɔ?
Who was named 'Male Personality of the Year' at the Ghana Executive Awards two thousand and twenty-five?,Akɛ ‘Afi lɛ Nuu’ lɛ ha lɛ yɛ Ghana Nɔyeli Kuu lɛ Awards 2025 lɛ mli?
"I've heard that body marks are a common practice in some cultures, but I don't really understand their significance. Can you tell me more about the connection between body marks and culture?","Mi nu akɛ gbɔmɔtso he okadii ji nifeemɔ ko ni afɔɔ feemɔ yɛ kusumii komɛi amli, shi minuuu bɔ ni amɛtsɔɔ lɛ shishi jogbaŋŋ. Ani obaanyɛ okɛɛ mi wekukpaa ni kã gbɔmɔtsoŋ wiemɔ kɛ kusum teŋ lɛ he saji babaoo?"
I'm trying to understand the concept of lexical stress in English. Can you explain what stressed and unstressed syllables are?,Miibɔ mɔdɛŋ ni manu wiemɔ ni haa mɔ tsui nyɔɔ emli lɛ shishi yɛ Blɔfo mli. Ani obaanyɛ otsɔɔ nɔ ni wiemɔi ni ama nɔ mi kɛ nɔ ni amaaa nɔ mi lɛ ji?
"What is the Proper Human Sexual Rights and Ghanaian Family Values Bill, two thousand and twenty-one and why is Professor Henry Kwasi Prempeh speaking out against it?","Mɛni hewɔ Adesai Ahegbɛi kɛ Ghana Weku Shihilɛ He Mla diɛŋtsɛ, akpei enyɔ kɛ nyɔŋmai enyɔ kɛ ekome kɛ Prof. Henry Kwasi Prempeh teɔ shi woɔ lɛ?"
I'm interested in learning more about family planning services in Ghana. Can you tell me about the challenges providers face in delivering these services?,Miyɛ he miishɛɛ akɛ makase weku gbɛjianɔtoo nitsumɔi ni yɔɔ Ghana lɛ ahe nii babaoo. Ani obaanyɛ okɛɛ mi naagbai ni mɛi ni kɛ nitsumɔi nɛɛ haa lɛ kɛkpeɔ yɛ nitsumɔi nɛɛ amli lɛ?
I'm trying to understand the impact of non-compliance to diabetes management protocols. Can you explain why compliance is crucial?,Miibɔ mɔdɛŋ ni manu nɔ ni jɛɔ sikli hela he gbɛjianɔtoo he mlai ni ayeee lɛ mli baa lɛ shishi. Ani obaanyɛ otsɔɔ nɔ hewɔ ni ehe hiaa waa akɛ aye nɔ lɛ mli?
I'm trying to understand the simplex method for solving linear programming problems. Can you explain the basic steps involved?,Miibɔ mɔdɛŋ ni manu gbɛ ni yɔɔ mlɛo ni atsɔɔ nɔ atsuɔ linear programming naagbai ahe nii lɛ shishi. Ani obaanyɛ otsɔɔ gbɛi titrii ni kɔɔ he lɛ amli?
I'm trying to understand the algorithm described in the research article. Can you explain how the Main Procedure works?,Miibɔ mɔdɛŋ ni manu algorithm ni atsɔɔ mli yɛ niiamlitaomɔ wolo lɛ mli lɛ shishi. Ani obaanyɛ otsɔɔ bɔ ni gbɛjianɔtoo titri lɛ tsuɔ nii ehaa lɛ mli?
What was the topic of discussion when Samuel Abu Jinapor appeared on the Super Morning Show on Joy ninety-nine.7FM on the twenty-fifth of September in the year twenty twenty-five?,Mɛni ji sanegbaa saneyitso beni Samuel Abu Jinapor je kpo yɛ Super Morning Show lɛ nɔ yɛ Joy Ninety Nine.7FM nɔ yɛ September 25 nyɔŋmai enyɔ kɛ enumɔ nyɔŋmai enyɔ kɛ enumɔ lɛ?
What is the name of the Ghanaian-owned music label that has entered a partnership deal with Ubuntu Enterprises LLC?,Mɛni ji gbɛi ni akɛtsɛɔ lalai ahe nitsumɔhe ni Ghanabii yɔɔ ni kɛ Ubuntu Enterprises LLC fee ekomefeemɔ he kpaŋmɔ lɛ?
How did some African countries get their names?,Te fee tɛŋŋ ni Afrika maji komɛi ná amɛgbɛi lɛ?
I'm trying to understand the concept of logistic regression in the context of a research study. Can you explain how it's used in the Ghana Child Labour Survey?,Miibɔ mɔdɛŋ ni manu shishinumɔ ni ji logistic regression lɛ shishi yɛ niiamlitaomɔ nikasemɔ ko mli. Ani obaanyɛ otsɔɔ bɔ ni akɛtsuɔ nii yɛ gbekɛbii anitsumɔ he nikasemɔ mli yɛ Ghana lɛ mli?
Can you explain the difference between distributive and integrative negotiation methods? I'd like to understand the key characteristics of each.,Ani obaanyɛ otsɔɔ srɔtofeemɔ ni yɔɔ sanegbaa gbɛi ni ajaa kɛ gbɛi ni akɛwoɔ ekomefeemɔ mli lɛ ateŋ? Miisumɔ ni manu nibii titrii ni yɔɔ eko fɛɛ eko mli lɛ shishi.
I heard that Joy FM is hosting a family pop quiz show. Can you tell me more about it?,Mi nu akɛ Joy FM feɔ weku pop sanebimɔ nifeemɔ ko. Ani obaanyɛ okɛɛ mi ehe saji babaoo?
I'm trying to understand the concept of stakeholder theories in the context of Ghanaian research. Can you explain the main idea behind stakeholder theory?,Miibɔ mɔdɛŋ ni manu shishinumɔ ni kɔɔ mɛi ni yɔɔ hegbɛ lɛ ahe yɛ Ghana niiamlitaomɔ mli lɛ shishi. Ani obaanyɛ otsɔɔ susumɔ titri ni yɔɔ stakeholder theory lɛ sɛɛ?
What motivated Bolanle to leave her family and join Baba Segi's household?,Mɛni tsirɛ Bolanle ni eshi eweku lɛ ni eyafata Baba Segi weku lɛ he?
I'm trying to understand the concept of cointegration in the context of economic time series. Can you explain it to me?,Miibɔ mɔdɛŋ ni manu shishinumɔ ni ji convergence lɛ shishi yɛ shika helɛtemɔ be mli nibii amli. obaanyɛ otsɔɔ mi mli
Can you tell me about the Labour minister who was named in an investigation into corruption claims in Bangladesh?,Ani obaanyɛ okɛɛ mi nitsumɔ he sɔɔlɔ ni atsɛ egbɛi yɛ niiamlitaomɔ ni kɔɔ ju kɛ fɔ̃ ni awieɔ yɛ Bangladesh lɛ he lɛ he sane?
I'm trying to understand the concept of Mixed Constraint Transportation Problems. Can you explain it to me?,Miibɔ mɔdɛŋ ni manu shishinumɔ ni ji gbɛfaa mli naagbai ni futuɔ amɛhe lɛ shishi. obaanyɛ otsɔɔ mi mli
I'm trying to understand the concept of bulk density. Can you explain it to me?,Miibɔ mɔdɛŋ ni manu shishinumɔ ni ji mass density lɛ shishi. obaanyɛ otsɔɔ mi mli
Who was named the GNCCI Media Personality of the Year two thousand and twenty-four?,Namɔ ji 224 GNCCI adafitswaa mli gbɔmɔ lɛ?
I'm trying to understand the factors that affect the profitability of commercial banks in Ghana. Can you explain the internal factors?,Miibɔ mɔdɛŋ ni manu nibii ni saa jarayeli shikatoohei ni yɔɔ Ghana lɛ ahe lɛ shishi. Ani obaanyɛ otsɔɔ shihilɛi ni yɔɔ mli lɛ amli?
I heard that Dr. Mahamudu Bawumia has started a 'Thank You Tour'. Can you tell me more about it?,Mi nu akɛ Dr. Mahamudu Bawmia eje e-‘Shidaa Gbɛfaa’ lɛ shishi. Ani obaanyɛ okɛɛ mi ehe saji babaoo?
I'm trying to understand routing algorithms. Can you explain how they work and what types of algorithms are commonly used?,Miibɔ mɔdɛŋ ni manu sɛɛtsimɔ he gbɛjianɔtoo lɛ shishi. Ani obaanyɛ otsɔɔ bɔ ni amɛtsuɔ nii amɛhaa kɛ mɛɛ algorithms ni akɛtsuɔ nii babaoo lɛ mli?
What happened to the Ugandan TikTokers who allegedly insulted President Yoweri Museveni and his family?,Mɛni ba Uganda TikTokbii ni akɛɛ amɛgbe maŋ onukpa Yoweri Museveni kɛ eweku lɛ he guɔ lɛ anɔ?
"What is the name of the NSMQ semi-finalist who received the Academic City presidential scholarship, and what is the value of the scholarship?","Mɛni ji NSMQ semi-finalist ni enine shɛ Academic City Nɔyeli Shika lɛ nɔ lɛ gbɛi, ni shika ni akɛhaa lɛ jara ji enyiɛ?"
What were the main findings of the study on family planning services in the Bosomtwe District?,Mɛni ji nibii titrii ni ana yɛ nikasemɔ ni kɔɔ weku gbɛjianɔtoo nitsumɔi ni yɔɔ Bosomtwe Kpokpaa lɛ nɔ lɛ mli?
I'm trying to understand the concept of motivation in the public sector. Can you explain it to me?,Miibɔ mɔdɛŋ ni manu shishinumɔ ni ji kanyamɔ ​​ni yɔɔ maŋ nitsumɔhe lɛ shishi. obaanyɛ otsɔɔ mi mli
I heard that McDan Group is participating in a corporate sports event. What's the name of the event and when is it taking place?,"Mi nu akɛ McDan Group lɛ kɛ ehe miiwo nitsumɔhe ko akaŋshii nifeemɔ ko mli. Mɛni ji nifeemɔ lɛ gbɛi, ni mɛɛ be ebaa mli?"
"I'm trying to understand time series data, but I keep hearing about different types of variations. Can you explain the differences between seasonal, cyclical, and random variations?","Miibɔ mɔdɛŋ ni manu be mli saji ni ato he gbɛjianɔ lɛ shishi, shi miyaa nɔ minuɔ srɔtofeemɔi srɔtoi ni yɔɔ mli lɛ ahe. Ani obaanyɛ otsɔɔ srɔtofeemɔ ni yɔɔ be mli, be mli nibii kɛ tsakemɔi ni baa trukaa lɛ ateŋ?"
I heard about a kidnapping incident in Ghana where the perpetrators used the name of a wellness company. Can you tell me more about this?,Minu gbɔmɔ ko ni aŋɔ lɛ nom yɛ Ghana ni mɛi ni fee nakai lɛ kɛ helatsamɔ he gbɛjianɔtoo ko gbɛi tsu nii lɛ he sane. Ani obaanyɛ okɛɛ mi enɛ he saji babaoo?
"I'm interested in learning about the Posuban, a structure associated with the Asafo Company in Ghana. What does the name Posuban mean?",Miyɛ he miishɛɛ akɛ male Posuban ni kɛ Asafo Company ni yɔɔ Ghana lɛ yɔɔ tsakpaa lɛ he sane. Mɛni ji wiemɔ Posuban lɛ shishi?
"I'm trying to understand the differences between various effect size estimators. Can you explain the differences between Cohen's d, Hedges' g, Glass' Δ, Cli's d, and Probability of Superiority?","Miibɔ mɔdɛŋ ni manu srɔtofeemɔ ni yɔɔ sɛɛnamɔi srɔtoi ni jɛɔ mli baa lɛ ateŋ lɛ shishi. Ani obaanyɛ otsɔɔ srɔtofeemɔ ni yɔɔ Cohen d, Hedges g, Glass Δ, Cli d kɛ Probability of Superior lɛ teŋ lɛ mli?"
"Hello, I'm interested in learning more about the treatment of women in Ghanaian society. Can you tell me a bit about the problems that women face in their marriages?","Hi, miyɛ he miishɛɛ akɛ makase bɔ ni akɛ yei yeɔ yɛ Ghana maŋ lɛ mli lɛ he nii babaoo. Kɛɛmɔ mi naagbai ni yei kɛkpeɔ yɛ amɛgbalashihilɛ mli lɛ he sane fioo?"
"On the sixth of August in the year twenty twenty-one, President Akufo-Addo bid farewell to two envoys. Who were they?","Yɛ August gbi ni ji ekpaa lɛ nɔ afii nyɔŋmai enyɔ kɛ ekome lɛ, Maŋtsɛ Akufo-Addo kɛ najiaŋdamɔlɔi enyɔ fã gbɛ. Namɛi ji amɛ?"
I'm trying to understand the role of antioxidants in the body. Can you explain how they work?,Miibɔ mɔdɛŋ ni manu gbɛfaŋnɔ ni tsofai ni gbeɔ helai lɛ tsuɔ yɛ gbɔmɔtso lɛ mli lɛ shishi. Ani obaanyɛ otsɔɔ bɔ ni amɛtsuɔ nii amɛhaa lɛ mli?
What happened during Dr. Mahamudu Bawumia's Thank You Tour event in London?,Mɛni ba yɛ be mli ni Dr. Mahamudu Bawmia shidaa saramɔ yɛ London lɛ?
I heard that Agbeshie's new song 'Alakpator' is about a true story involving two of his friends in the music industry. Can you tell me more about it?,Mi nuɔ akɛ Agbeshiye lala hee ni ji ‘Alakator’ lɛ ji anɔkwale sane ko ni kɔɔ nanemɛi enyɔ ni yɔɔ lalafeemɔ nitsumɔ lɛ mli lɛ ahe. Ani obaanyɛ okɛɛ mi ehe saji babaoo?
"I've been reading about family planning in Ghana, specifically in the Wa municipality. What are some of the challenges postpartum women face when it comes to accessing family planning services?","Mikane weku gbɛjianɔtoo he sane yɛ Ghana, titri lɛ yɛ Wa Maŋtiase lɛ mli. Mɛni ji naagbai komɛi ni yei ni fɔ yɛ fɔmɔ sɛɛ lɛ kɛkpeɔ yɛ weku gbɛjianɔtoo nitsumɔi ni amɛaaná lɛ mli?"
I'm interested in learning more about how people in Ghana perceive herbal medicine. What role do friends and relatives play in promoting herbal medicine?,Miyɛ he miishɛɛ akɛ makase bɔ ni mɛi ni yɔɔ Ghana lɛ nuɔ tsofafeemɔ ni akɛ tsofai fɔji tsuɔ nii amɛhaa lɛ he nii babaoo. Mɛɛ gbɛfaŋnɔ nanemɛi kɛ wekumɛi tsuɔ yɛ tsofafeemɔ ni akɛ tsofa-kɛ-ŋma fee lɛ he nitsumɔ mli?
I'm trying to understand the concept of measurement error covariance in the context of the Kalman filter. Can you explain it in simple terms?,Miibɔ mɔdɛŋ ni manu paramita tɔmɔ ni tsakeɔ yɛ Kalman filta lɛ mli lɛ shishi. Ani obaanyɛ okɛ wiemɔi ni waaa atsɔɔ mli?
"I'm a manager of a company in Ghana, and I want to understand the importance of industry analysis. Can you explain to me why it's crucial for my business?","Miji nitsumɔhe ko nɔkwɛlɔ yɛ Ghana, ni miisumɔ ni manu bɔ ni nitsumɔhe lɛ mlipɛimɔ he hiaa ha lɛ shishi. Tsɔɔmɔ nɔ hewɔ ni ehe hiaa mi nitsumɔ lɛ?"
I'm trying to understand the process of detecting antibodies in a lab setting. Can you explain the general steps involved in the test?,Miibɔ mɔdɛŋ ni manu gbɛ ni atsɔɔ nɔ anaa tsofai ni gbeɔ helai yɛ laboratori lɛ mli lɛ shishi. Ani obaanyɛ otsɔɔ gbɛi ni atsɔɔ nɔ atsuɔ nii yɛ kaa lɛ mli lɛ mli?
I came across the name Brenda Antwi Donkor while reading about Ghanaian TV productions. Can you tell me more about her?,"Beni mikaneɔ Ghana TV nɔ nibii ni ajieɔ lɛ ahe saji lɛ, mikɛ gbɛi ni ji Brenda Antwi Donkor lɛ kpe. Ani obaanyɛ okɛɛ mi ehe saji babaoo?"
I've been trying to understand how ICT can help students learn economics. Can you explain how it fosters learner autonomy?,Miibɔ mɔdɛŋ ni manu bɔ ni ICT baanyɛ aye abua nikaselɔi ni amɛkase shika helɛtemɔ he nii lɛ shishi. Ani obaanyɛ otsɔɔ bɔ ni ehaa nikaselɔi lɛ yeɔ amɛhe nɔ amɛhaa lɛ mli?
I'm trying to understand the potential risks associated with deposit-taking institutions. Can you explain how their capital structure contributes to these risks?,Miibɔ mɔdɛŋ ni manu osharai ni yɔɔ shikatoohei amli lɛ shishi. Ani obaanyɛ otsɔɔ bɔ ni amɛ shikatoohe lɛ yeɔ ebuaa osharai nɛɛ?
I just heard that Bella Hadid was named the most beautiful woman in the world. What's the basis for this claim?,Minu akɛ atsɛɔ Bella Hadid akɛ yoo ni he yɔɔ fɛo fe fɛɛ yɛ je lɛŋ. Mɛni ji nɔ ni damɔ nɛkɛ wiemɔ nɛɛ nɔ?
I heard the Ghana cedi has been doing well lately. Can you tell me more about it?,Mi nu akɛ Ghana CD lɛ miitsu nii jogbaŋŋ nyɛsɛɛ nɛɛ. Ani obaanyɛ okɛɛ mi ehe saji babaoo?
I'm trying to understand the relationship between secure property titles and access to credit in Ghana. Can you explain it to me?,Miibɔ mɔdɛŋ ni manu wekukpaa ni yɔɔ nibii ni yɔɔ shweshweeshwe ni mɔ ko yɔɔ kɛ shika ni anáa yɛ Ghana lɛ teŋ lɛ shishi. obaanyɛ otsɔɔ mi mli
I'm interested in learning about the characteristics of family business owners in Kumasi. What can you tell me about their age and education level?,Miyɛ he miishɛɛ akɛ makase weku nitsumɔtsɛmɛi ni yɔɔ Kumasi lɛ asui. Mɛni obaanyɛ okɛɛ mi yɛ afii ni amɛye kɛ bɔ ni amɛkase nii amɛha lɛ he?
"What is the current situation with global funding for family planning, and how is it affecting access to contraceptives?","Te majimaji ateŋ shika ni akɛhaa weku gbɛjianɔtoo lɛ yɔɔ amrɔ nɛɛ, ni te enaa tsofai ni akɛtsiɔ fɔmɔ naa lɛ anɔ hewalɛ ehaa tɛŋŋ?"
I'm trying to understand more about HIV-one and HIV-two point  wattshat are the key differences between these two types of viruses?,Miibɔ mɔdɛŋ ni manu hiv-one kɛ hiv-two lɛ shishi babaoo mɛni ji srɔtofeemɔi titrii ni yɔɔ nɛkɛ helai enyɔ nɛɛ ateŋ?
I'm trying to understand the functionality of the Network Management Center (NMC) in a GSM network. Can you explain its role?,"Yɛ GSM mli lɛ, miitao manu bɔ ni Network Management Center (NMC) lɛ tsuɔ nii ehaa yɛ tsɔne ko mli lɛ shishi. Ani obaanyɛ otsɔɔ gbɛfaŋnɔ lɛ mli?"
I'm interested in learning more about the state of family planning in Ghana. Can you tell me about the current policies and initiatives in place?,Miyɛ he miishɛɛ akɛ makase weku gbɛjianɔtoo shihilɛ ni yɔɔ Ghana lɛ he nii babaoo. Ani obaanyɛ okɛɛ mi mlai kɛ nifeemɔi ni yɔɔ amrɔ nɛɛ ahe sane?
I'm trying to understand the Augmented Dickey Fuller Test (ADF) and how it's used to determine the order of integration of variables. Can you explain it to me?,"Miibɔ mɔdɛŋ ni manu Augmented Dickey Fuller Test (ADF) lɛ shishi, kɛ bɔ ni akɛtsuɔ nii ahaa koni akɛna bɔ ni nibii ni tsakeɔ lɛ feɔ ekome lɛ. obaanyɛ otsɔɔ mi mli"
I read a story about a woman named Sara Peach who had a life-threatening birth experience. Can you tell me more about her condition?,Mikane sane ko ni kɔɔ yoo ko ni atsɛɔ lɛ Sarah Peach ni ná fɔmɔ mli niiashikpamɔ ko ni woɔ ewala he gbeyei lɛ he. Ani obaanyɛ okɛɛ mi shihilɛ ni eyɔɔ mli lɛ he saji babaoo?
"I've been considering investing in Ghana, but I want to make sure I understand the economic landscape. Can you tell me about the relationship between fiscal policy and the stock market in Ghana?","Misusuɔ shika ni mikɛwoɔ Ghana lɛ he, shi miisumɔ ni mana nɔmimaa akɛ minuɔ shika helɛtemɔ shihilɛ lɛ shishi. Ani obaanyɛ okɛɛ mi wekukpaa ni kã shika he gbɛjianɔtoo kɛ Ghana shikatoohe lɛ teŋ?"
"I've heard about the dangers of pesticides, but I don't really understand what they are. Can you explain?","Minu osharai ni yɔɔ tsofai ni gbeɔ kooloi lɛ ahe, shi minuuu nɔ ni amɛji lɛ shishi jogbaŋŋ. obaanyɛ otsɔɔ mli"
"What did President Akufo-Addo's address on Sunday evening, the thirtieth of October in the year twenty twenty-two, cover?","Mɛni he Maŋtsɛ Akufo-Addo wie he yɛ ewiemɔ ni ewie yɛ Hɔgbaa gbɛkɛ, October nyɔŋmai etɛ kɛ enyɔ lɛ mli?"
What are the basic carving skills that can enable a person to cater for their family or themselves?,Mɛni ji shishijee ŋaa nitsumɔi ni haa mɔ ko nyɛɔ ekwɛɔ eweku loo lɛ diɛŋtsɛ ehe nɔ?
I'm trying to understand the concept of masculinity and femininity in different cultures. Can you explain Geert Hofstede's views on this topic?,Miibɔ mɔdɛŋ ni manu nuu kɛ yoo he susumɔ ni yɔɔ kusumii srɔtoi amli lɛ shishi. Ani obaanyɛ otsɔɔ Geert Hofstede susumɔ yɛ saneyitso nɛɛ he?
I've been trying to understand the challenges associated with weight loss programs in Ghana. Can you provide some insights on this topic?,Mibɔ mɔdɛŋ ni manu naagbai ni yɔɔ gbɛjianɔtoi ni akɛbaagbɔjɔ gbɔmɔtso lɛ he yɛ Ghana lɛ shishi. Ani obaanyɛ okɛ shishinumɔ ko aha yɛ saneyitso nɛɛ he?
I've heard about the novel 'In the Country of Men' which portrays the life of a young boy named Suleiman. Can you tell me more about his life and the society he lives in?,Minu wolo ko ni atsɛɔ lɛ ‘Yɛ Hii Amaŋ lɛ Mli’ ni tsɔɔ gbekɛ nuu fioo ko ni atsɛɔ lɛ Sulaiman shihilɛ mli lɛ he. Ani obaanyɛ okɛɛ mi eshihilɛ kɛ akutso lɛ mli saji babaoo?
"Can you tell me what happened in Kfar Aza on Saturday morning, the seventh of October in the year twenty twenty-three?","Kɛɛmɔ mi nɔ ni ba yɛ Kfar Aza Hɔgbaa leebi, October 7th, afii nyɔŋmai enyɔ kɛ etɛ?"
I've been trying to understand how property transaction taxes work in Ghana. Can you tell me more about the different types of taxes that are imposed?,Mibɔ mɔdɛŋ ni manu bɔ ni nibii ahe jarayeli he tooyeli tsuɔ nii yɛ Ghana lɛ shishi. Ani obaanyɛ okɛɛ mi tooi srɔtoi ni awoɔ lɛ ahe saji babaoo?
I'm trying to understand the importance of formalizing risk management procedures in a company. Can you explain the concept and its benefits?,Miibɔ mɔdɛŋ ni manu bɔ ni ehe hiaa ni afee osharai ahe gbɛjianɔtoo yɛ nitsumɔhe ko lɛ shishi. Ani obaanyɛ otsɔɔ susumɔ lɛ kɛ sɛɛnamɔi ni yɔɔ he lɛ mli?
Who paid a condolence visit to the family of Ghanaian highlife legend Daddy Lumba?,Namɔ basara Ghana shihilɛ mli gbɔmɔ ni he gbɛi waa ni atsɛɔ lɛ Daddy Lumba lɛ weku lɛ he awerɛhoyeli?
I'm trying to understand the concept of perceived value in the context of customer satisfaction. Can you explain it to me?,Miibɔ mɔdɛŋ ni manu sɛɛnamɔ ni asusuɔ he lɛ shishi yɛ mɛi ni heɔ nii lɛ atsui ni nyɔɔ mɔ mli lɛ mli. obaanyɛ otsɔɔ mi mli
What are some common misconceptions about family planning in Ghana?,Mɛni ji susumɔi ni ejaaa ni mɛi pii hiɛ yɛ weku gbɛjianɔtoo he yɛ Ghana?
"What percentage of women in several African countries, including Ghana, are using modern family planning methods postpartum?","Yei oha mlijaa enyiɛ ni yɔɔ Afrika maji srɔtoi anɔ, ni Ghana fata he lɛ kɛ ŋmɛnɛŋmɛnɛ beaŋ weku gbɛjianɔtoo gbɛi tsuɔ nii yɛ fɔmɔ sɛɛ?"
I'm trying to understand the SEIR model for tuberculosis. Can you explain how it works and what the different compartments represent?,Miibɔ mɔdɛŋ ni manu SEIR nɔkwɛmɔnɔ ni kɔɔ tsɛŋemɔ hela he lɛ shishi. Ani obaanyɛ otsɔɔ bɔ ni etsuɔ ​​nii ehaa kɛ nɔ ni fãi srɔtoi lɛ damɔ shi kɛha lɛ mli?
I'm interested in learning about biogas projects in Nigeria. Can you tell me about the economic evaluation of a family-sized biogas project in Nigeria?,Miyɛ he miishɛɛ akɛ male biogas nitsumɔi ni yɔɔ Nigeria lɛ ahe nii. Ani obaanyɛ okɛɛ mi shika helɛtemɔ mlipɛimɔ ni kɔɔ weku mli biogas nitsumɔ ko ni yɔɔ Nigeria lɛ he?
I'm trying to understand the relationship between interest rates and exchange rates in Ghana. Can you explain how they are connected?,Miibɔ mɔdɛŋ ni manu wekukpaa ni kã shika ni akɛwoɔ shika mli kɛ shika ni akɛtsakeɔ shika yɛ Ghana lɛ teŋ lɛ shishi. Ani obaanyɛ otsɔɔ bɔ ni fee ni amɛkpe?
What is the name of the Ghanaian playwright who successfully staged his first production outside Ghana?,Namɔ ji Ghana drama ŋmalɔ ni ye omanye yɛ eklɛŋklɛŋ sini ni ejie lɛ kpo yɛ Ghana kponɔgbɛ lɛ mli?
I'm trying to understand the concept of PIEP in the context of discrete modeling and factor analysis. Can you explain what PIEP is and how it's used?,Miibɔ mɔdɛŋ ni manu PEEP shishinumɔ lɛ shishi kɛjɛ nɔkwɛmɔnɔ ni yɔɔ srɔtoi kɛ nibii amlipɛimɔ mli. Ani obaanyɛ otsɔɔ nɔ ni PIEP ji kɛ bɔ ni akɛtsuɔ nii ahaa lɛ mli?
What are the main types of computer-aided project planning and control systems? I'm trying to understand the differences between them.,Mɛni ji nitsumɔ he gbɛjianɔtoo kɛ nitsumɔ he gbɛjianɔtoi titri ni akɛ kɔmpiuta yeɔ ebuaa lɛ? Miibɔ mɔdɛŋ ni manu srɔtofeemɔ ni yɔɔ amɛteŋ lɛ shishi.
I'm trying to understand genetic algorithms and I came across a concept called 'crossover'. Can you explain what crossover is in the context of genetic algorithms?,Miitao manu Genetic Algorithm shishi ni mikɛ susumɔ ko ni atsɛɔ lɛ 'krosover' kpe. Ani obaanyɛ otsɔɔ nɔ ni crossover ji yɛ Genetic Algorithms lɛ mli?
I'm trying to understand the process of analyzing plant tissue in a research setting. Can you explain the steps involved in determining total nitrogen in plant samples using Kjeldahl's method?,Miibɔ mɔdɛŋ ni manu bɔ ni akwɛɔ tsei amli fãji amli yɛ niiamlitaomɔ he ko lɛ shishi. Ani obaanyɛ otsɔɔ gbɛi ni atsɔɔ nɔ atsɔɔ nitrogen fɛɛ ni yɔɔ tsei amli lɛ mli kɛtsɔ Kjeldahl gbɛ lɛ nɔ?
I'm trying to understand the effects of diabetes mellitus on the body. Can you explain how hyperglycemia affects the kidneys?,Miibɔ mɔdɛŋ ni manu bɔ ni sikli hela lɛ saa gbɔmɔtso lɛ he ehaa lɛ shishi. Ani obaanyɛ otsɔɔ bɔ ni hyperglycemia lɛ saa tsitsii lɛ ahe ehaa lɛ mli?
I'm interested in learning about the traditional social structure of the people of Anyako in Ghana. Can you tell me about their family dynamics and roles within the household?,Miyɛ he miishɛɛ akɛ makase Anyakobii ni yɔɔ Ghana lɛ akusum nifeemɔi ahe nii. Ani obaanyɛ okɛɛ mi bɔ ni amɛweku lɛ tsakeɔ ehaa kɛ gbɛfaŋnɔi ni amɛtsuɔ yɛ weku lɛ mli lɛ he sane?
I've heard that ATMs were invented by a man named Shepherd-Barron. Can you tell me more about him and how he came up with the idea?,Minu akɛ nuu ko ni atsɛɔ lɛ Shepherd-Barron lɛ ji mɔ ni fee ATM lɛ. Ani obaanyɛ okɛɛ mi ehe saji babaoo kɛ bɔ ni fee ni oná susumɔ lɛ?
Professor Godfred Bokpin spoke on Joy FM Super Morning Show on February four about Ghana's economy. What did he say about the country's dependence on primary commodities?,Nitsɔɔlɔ Godfred Bokpin wie Ghana shika helɛtemɔ he yɛ Joy FM Super Morning Show lɛ mli yɛ February 4. Ni maŋ lɛ damɔ nibii ni akɛtsuɔ nii titri lɛ anɔ lɛ hu?
"I'm trying to understand the relationship between energy consumption, trade openness, and carbon emissions. Can you explain the EKC hypothesis mentioned in the research article?","Miibɔ mɔdɛŋ ni manu wekukpaa ni yɔɔ hewalɛ ni akɛtsuɔ nii, jarayeli mlitsɔɔmɔ kɛ kɔɔyɔŋ fɔŋ ni ajieɔ lɛ teŋ lɛ shishi. Ani obaanyɛ otsɔɔ EKC susumɔ ni atsĩ tã yɛ niiamlitaomɔ wolo lɛ mli lɛ mli?"
I'm trying to understand fuzzy logic systems. Can you explain how the fuzzy inference engine works in a fuzzy controller?,Miibɔ mɔdɛŋ ni manu shishitoo mlai ni bɛ faŋŋ lɛ ashishi. Ani obaanyɛ otsɔɔ bɔ ni fuji inversion tsɔne lɛ tsuɔ nii yɛ fuji kudɔmɔ tsɔne mli lɛ mli?
I'm trying to understand why multinational enterprises (MNEs) invest in foreign countries. Can you explain the market imperfection theory?,Miibɔ mɔdɛŋ ni manu nɔ hewɔ ni majimaji ateŋ nitsumɔhei (MNEs) kɛ amɛshika woɔ maŋsɛɛ maji amli lɛ shishi. Ani obaanyɛ otsɔɔ jarayeli mli emuu ni ayeee lɛ mli?
I heard about a new song from Cina Soul addressing domestic violence. What's the name of the song and when was it released?,"Mi nu lala hee ko ni jɛ Sina Soul ŋɔɔ ni kɔɔ yiwalɛ nifeemɔi ni yaa nɔ yɛ shia lɛ he. Mɛni ji lala lɛ gbɛi, ni mɛɛ be ajie lɛ kpo?"
I'm trying to understand the history of insurance. Can you tell me about its origins?,Miibɔ mɔdɛŋ ni manu inshuɔrans he yinɔsane shishi. Tsɔɔmɔ mi he ni ejɛ?
I'm trying to understand the basics of graph theory and algorithms. Can you explain Dijkstra's algorithm and its applications?,Miibɔ mɔdɛŋ ni manu shishitoo mlai ni kɔɔ graph theory kɛ algorithms he lɛ shishi. Ani obaanyɛ otsɔɔ Dijkstra algorithm lɛ kɛ bɔ ni akɛtsuɔ nii ahaa lɛ mli?
I'm trying to understand the factors that contribute to loan delinquency in Ghana. Can you tell me more about the relationship between loan delinquency and external factors?,Miibɔ mɔdɛŋ ni manu nibii ni haa shika ni akɛwoɔ mɔ dɛŋ yɛ Ghana lɛ shishi. Ani obaanyɛ okɛɛ mi wekukpaa ni yɔɔ nyɔmɔwoo ni awoɔ kɛ nibii ni jɛɔ kponɔgbɛ lɛ ateŋ lɛ he saji babaoo?
I'm trying to understand portfolio optimization using genetic algorithms. Can you explain the basic concept of a portfolio in the context of financial assets?,Miibɔ mɔdɛŋ ni manu nitsumɔ he gbɛjianɔtoo lɛ shishi kɛtsɔ wala yibii ahe gbɛjianɔtoo nɔ. Ani obaanyɛ otsɔɔ shishijee shishinumɔ ni yɔɔ nitsumɔhe wolo ko mli yɛ shika helɛtemɔ nibii ahe lɛ mli?
I heard that the latest season of The Crown has caused controversy over its depiction of the royal family. What exactly is the issue with its accuracy?,Minuɔ akɛ maŋtsɛwe lɛ maŋtsɛyeli lɛ he be ni eba naagbee lɛ kɛ ŋwanejee eba maŋtsɛ weku lɛ mfoniri lɛ he. Mɛni tuuntu ji sane ni kɔɔ nɔ ni ja lɛ he?
I'm trying to understand the concept of hedging in finance. Can you explain it in simple terms?,Miibɔ mɔdɛŋ ni manu shishinumɔ ni ji hedging yɛ shika helɛtemɔ mli lɛ shishi. Ani obaanyɛ okɛ wiemɔi ni waaa atsɔɔ mli?
I'm trying to understand the concept of red tape and its effects on service delivery. Can you explain what red tape is and how it originated?,Miibɔ mɔdɛŋ ni manu red tape he susumɔ lɛ kɛ bɔ ni enáa sɔɔmɔ nitsumɔ nɔ hewalɛ eha lɛ shishi. Ani obaanyɛ otsɔɔ nɔ ni red tape ji kɛ bɔ ni fee ni eba lɛ mli?
"I'm trying to understand this research article about estimating future claims in insurance. What is an accident year cohort, and how does it relate to the calendar year?","Miibɔ mɔdɛŋ ni manu niiamlitaomɔ wolo nɛɛ ni kɔɔ wɔsɛɛ be mli nibii ni abiɔ yɛ inshuɔrans mli lɛ he akɔntaabuu lɛ shishi. Mɛni ji oshara afi ni ato, ni te ekɛ kalanda afi yɔɔ tsakpaa tɛŋŋ?"
I'm interested in learning more about family planning among public health workers in Ghana. What is the proportion of utilization of family planning among this group?,Miyɛ he miishɛɛ akɛ makase weku gbɛjianɔtoo he nii babaoo yɛ maŋ hewalɛnamɔ he nitsulɔi ni yɔɔ Ghana lɛ ateŋ. Te weku gbɛjianɔtoo ni akɛtsuɔ nii yɛ kuu nɛɛ mli lɛ fa ha tɛŋŋ?
I'm trying to understand how antenna radiation regions work. Can you explain the different regions and their characteristics?,Miibɔ mɔdɛŋ ni manu bɔ ni antenna beam ranges tsuɔ nii amɛhaa lɛ shishi. Ani obaanyɛ otsɔɔ kpokpai srɔtoi lɛ kɛ amɛsui lɛ amli?
I'm trying to understand the concept of reliability in research. Can you explain the two primary approaches to assessing reliability of constructs?,Miibɔ mɔdɛŋ ni manu shishinumɔ ni ji hekɛnɔfɔɔ yɛ niiamlitaomɔ mli lɛ shishi. Ani obaanyɛ otsɔɔ gbɛi titrii enyɔ ni atsɔɔ nɔ akwɛɔ bɔ ni anyɛɔ akɛ he fɔ̃ɔ nibii ni ama lɛ anɔ lɛ mli?
I heard that Ghana's economy has been doing well lately. What's behind this turnaround?,Minu akɛ Ghana shika helɛtemɔ miiya nɔ jogbaŋŋ nyɛsɛɛ nɛɛ. Mɛni ji nɔ ni hɔ tsakemɔ nɛɛ sɛɛ?
I'm trying to understand a research article about the production of cellulase by Aspergillus niger on CBB2. Can you explain the process of preparing the stock solution?,Miibɔ mɔdɛŋ ni manu niiamlitaomɔ wolo ko ni kɔɔ CBB2 kɛha cellulase ni Aspergillus niger feɔ lɛ shishi. Ani obaanyɛ otsɔɔ gbɛ ni atsɔɔ nɔ atoɔ shika he gbɛjianɔtoo he gbɛjianɔ lɛ mli?
What are some of the limitations of the study on family planning needs in Ghana?,Mɛni ji husui komɛi ni yɔɔ niiamlitaomɔ ni kɔɔ weku gbɛjianɔtoo he hiamɔ nii ahe yɛ Ghana lɛ he?
I heard that the Ghana Police Service has a special all-female unit named after Asantehene Otumfuo Osei Tutu II. What's the name of this unit?,Minu akɛ Ghana Polisifoi anitsumɔhe lɛ yɛ yei akuu krɛdɛɛ ko ni akɛ Asantehene Otumfuo Osei Tutu II gbɛi wo mli. Mɛni ji klas nɛɛ gbɛi?
I heard there was a severe accident at Anyaa Market in Accra on Thursday morning. Can you tell me what happened?,Minu akɛ oshara ko ni naa wa ba yɛ Anya jarayelihe ni yɔɔ Accra lɛ Hɔɔ leebi. Ani obaanyɛ okɛɛ mi nɔ ni ba?
What is the name of Maya Blu's debut EP and when was it released?,Mɛni ji Maya Blue klɛŋklɛŋ EP lɛ gbɛi ni mɛɛ be ajie lɛ kpo?
"What happened to the Asante family on the Family Arena episode that aired on Sunday, the thirteenth of April in the year twenty twenty-five?","Mɛni ba Asante weku lɛ nɔ yɛ Family Arena lɛ mli nifeemɔ ni ji nyɔŋmai enyɔ kɛ enumɔ lɛ nɔ yɛ Hɔgbaa, April nyɔŋma kɛ etɛ lɛ?"
I came across a research article about COVID-nineteen inches Ghana. Can you tell me what the study aimed to understand?,Mikɛ niiamlitaomɔ wolo ko kpe yɛ covid-inchi nyɔŋma kɛ nɛɛhu ghana he. Ani obaanyɛ okɛɛ mi nɔ ni nikasemɔ lɛ yiŋtoo ji ni enu shishi?
"I've been reading about the rise of gangs in Kenya. What's behind the unusual names of some of these groups, such as the 'Taliban'?",Mikane bɔ ni awuiyelɔi akui etee hiɛ yɛ Kenya lɛ he sane. Mɛni ji nɔ ni yɔɔ kui nɛɛ agbɛi ni yɔɔ naakpɛɛ tamɔ ‘Taliban’ lɛ sɛɛ?
I'm trying to understand the VAT system in Ghana. Can you explain the different departments within the VAT Service?,Miibɔ mɔdɛŋ ni manu VAT gbɛjianɔtoo ni yɔɔ Ghana lɛ shishi. Ani obaanyɛ otsɔɔ fãi srɔtoi ni yɔɔ VAT nitsumɔ lɛ mli lɛ mli?
I heard Reggie Rockstone is going to receive an honorary award at the Ghana Music Awards UK two thousand and twenty-two point  wattshat is the name of the award?,Mi nu akɛ Reggie Rockstone miiya ni enine ashɛ woo nɔ yɛ Ghana Lala Awards UK akpei enyɔ kɛ nyɔŋmai enyɔ kɛ enyɔ mli nɔ ni ji gbɛi ni akɛwoɔ jweremɔ nii lɛ nɔ?
I'm trying to understand the process of preparing a calibration curve for amoxicillin and clavulanic acid. Can you explain it to me?,Miibɔ mɔdɛŋ ni manu gbɛ ni atsɔɔ nɔ asaa tsɔne ni akɛkwɛɔ tsofa ni ji amoxicillin kɛ clavulanic acid lɛ shishi. obaanyɛ otsɔɔ mi mli
"What is the Rotary Family Health Day, and what was its aim in two thousand and twenty-four?","Mɛni ji Rotary Weku Hewalɛ Gbi lɛ, ni mɛni ji yiŋtoo ni yɔɔ sɛɛ yɛ afi 2024 mli?"
