english,twi
The police are investigating the mismanagement of tea project money and disappearance of project files.,Polisifoɔ no reyɛ tea dwumadie sika a wɔanhwɛ so yie no nhwehwɛmu ne dwumadie no nkrataa a ɛyeraeɛ no.
The council has informed people to contribute money towards the construction of a stadium.,Agyinatukuo no abɔ nkurɔfo amanneɛ sɛ wɔmfa sika mma mfa nsi agumadibea.
People are resorting to saving money on mobile money other than banks.,Nkorɔfoɔ de wɔn sika resie wɔn foono sika so kyɛn sikakorabea.
The headteacher was arrested for asking students' money to bribe invigilators.,Wɔkyeree sukuupanin no so ɔbisaa sika firii asuafoɔ no hɔ sɛ ɔde reyɛ ademudeɛ ama wɔn a wɔhwɛ nsɔhwɛ so no.
I bought the pain killers from the pharmacy outside the hospital.,Metɔɔ nnuru a wɔde kum ɛyaw no fii nnurutɔnbea a ɛwɔ ayaresabea no akyi no.
The community needs access to clean and safe water.,Mpɔtam hɔfo hia nsu a ɛho tew na ahobammɔ wom.
How much money was allocated for the construction of the bridge?,Sika ahe na wɔde sii abɔntenban no?
"After saving some money, he started selling sandals.","Bere a ɔkoraa sika bi so akyi no, ofii ase tɔn mpaboa."
Low pay scales and wages has led to corruption among police officers.,Akatua nsenia ne akatua a ɛba fam no ama adifudepɛ aba polisifoɔ mu.
People were complaining about water shortage in that area.,Na nkorɔfoɔ renwiinwii wɔ nsuo a asa wɔ mpɔtam hɔ.
Not all new seeds on market are resistant to pests and diseases.,Ɛnyɛ aba foforo a ɛwɔ gua so nyinaa na ɛko tia mmoawa ne nyarewa.
He was arrested and taken to prison until the debt was paid.,Wɔkyeree no de no kɔɔ afiase kosii sɛ wotuaa ɛka no.
The project generally aims at creating a market for farm products and gives farmers a number of benefits in the Nandom districts,Dwumadie no botaeɛ ne sɛ ɛbɛma wɔanya dwa ama kuayɛ nnoɔma na ɛma akuafoɔ nya mfasoɔ dodoɔ bi wɔ Nandom mansini mu.
"The money should be used to solve our challenges, addressing our current difficulties.","sika no ɛsɛ sɛ yɛde boa siesie yɛn haw, ɛnhwɛ yɛn mprɛmprɛn haw."
A discontented parent said failure to pay three thousandcedis got her daughter sent home.,Awofoɔ bi a ne bo nnwo ne ho kaa sɛ tua a wantumi antua Ghana sika sidi mpem mmiɛnsa na ɛde ne ba baa baa efie.
The president advised people to divert from cash crops to food crops.,Ɔmanpanin no tuu nkorɔfoɔ fo sɛ wɔnsesa mfiri sika nnuaba so nkɔ nnuane nnuaba.
People in the rural areas prefer to get water from streams because the boreholes are far away from them.,Nkorɔfoɔ a wɔwɔ nkuraase no pɛ sɛ wɔsa nsuo wɔ nsutene mu ɛfiri sɛ wɔn nsuo a wɔatu ama wɔn no mu wa firi wɔn nkyɛn.
One rebel tried to sell a gun at the border.,Otuatewfo bi bɔɔ mmɔden sɛ ɔbɛtɔn tuo wɔ ɔhye no so.
Money should not be the only reason for leaders to work hard.,Ɛnsɛ sɛ sika nkutoo na ɛma akannifo yɛ adwumaden.
The new tax discouraged the poor from the use of mobile money.,Tow foforo no maa ahiafo abam bui wɔ telefon a wokura kyin a wɔde bedi dwuma no ho.
The government needs to buy more land from people to help improve agriculture.,Ɛsɛ sɛ aban no totɔ nsase bebree firi nkurɔfoɔ hɔ de boa ma kuayɔ tu mpɔn
Fish farms should be constructed near water sources.,Ɛsɛ sɛ wosi Nsuomu nam adwuma a ben nsu a ano yɛ.
Pending payments will be worked on the coming month.,Wɔbɛyɛ akatua a ɛda hɔ no ho adwuma bosome a ɛreba no mu.
Some companies are excused from paying taxes for a given period of time.,Wɔma nnwumakuo binomial kyɛ wɔn sɛ wontua tow wɔ bere pɔtee bi mu.
The truck was stolen as soon as it was bought.,Wowiaa lɔre no bere a wɔtɔɔ no ara pɛ.
Baths were taken from a bucket dropped into water well .,Ná woguare fi bokiti bi a wɔde agu nsu abura mu mu .
The cost of building the bridge on the river is very high.,Ɛka a wɔbɔ wɔ asubɔnten no so abɔntenban no ho no yɛ kɛse yiye.
People have a ready market for agricultural produce.,Nkorɔfoɔ wɔ dwa ma wɔn kuayɛ nnoɔma.
How can we ensure proper hygiene in the market.,Yɛbɛyɛ dɛn ahwɛ ahu sɛ ahotew a ɛfata wɔ gua so.
Farmers should control their animals as people acquire income from selling their fruits.,Ɛsɛ sɛ akuafo hwɛ wɔn mmoa so efisɛ nkurɔfo nya wɔn nnuaba ho sika.
Living without clean water for a couple of days can lead to complaints by the people.,"Sɛ obi tena ase a nsu pa nni hɔ nna kakra a, ebetumi ama nkurɔfoɔ no anwiinwii."
Farmers will engage mostly into cash crop growing.,Akuafo no de wɔn ho bɛhyɛ nnɔbae a ɛbrɛ sika.
"Aryee does not have the money to buy a car, but the manager hired her out of pity as she is a single mother.","Aryee nni sika a ɔde bɛtɔ kar, nanso ɔpanyin no faa no mmɔborohunu nti efisɛ ɔyɛ ɛna a onni ɔhokafo."
The number of previous water connections request will determine your waiting time for water.,Nsuo nkitahodi dodow a woabisa dedaw no na ɛbɛkyerɛ bere a wode bɛtwɛn nsu.
Farmer group members were asked to contribute money to receive fertilizers cheaply.,Wɔka kyerɛɛ akuafo kuw mma no sɛ wɔmfa sika bi mmra na ama wɔanya ɔyɛ-asase-yiya ne bo nyɛ den.
Customer care is key for businesses that are to last long in the market.,Adetɔfo hwɛ yɛ ade titiriw ma nnwuma a ɛsɛ sɛ ɛtra hɔ kyɛ wɔ gua so.
My tenants have failed to pay their rent.,Wɔn a wɔagye me dan no antumi antua wɔn dan ka.
Money required for the completion of this project is available.,Sika a wohia na wɔde awie adwuma yi wɔ hɔ.
A bed in his shop costs only fifteen thousand cedis.,Mpa baako wɔ ne sotɔɔ mu yɛ Ghana sika side mpem dunum pɛ.
Every paper money note has a unique serial number.,Krataa biara a wɔde kyerɛw sika wɔ no namba
"People should learn to be integral, especially in issues regarding money, as honesty and transparency are crucial for financial stability and trust.","Ɛsɛ sɛ nkorɔfoɔ sua sɛ wɔbɛyɛ ade titire, ne titire wɔ nsɛm a ɛfa sika ho mu, ɛfiri sɛ nokorɛdie ne deɛ ɛda adi pefee ho hia kɛse ma sikasɛm mu ahotɔ ne ahotɔsoɔ."
People should be given alternative pieces of land.,Ɛsɛ sɛ wɔma nkorɔfoɔ asase foforɔ.
The water project takes advantage of the slope and gravity.,Nsu adwuma no de ɔkwan a ɛkɔ fam ne tumi a ɛtwe ade ba fam no di dwuma.
The lorry needs to be serviced before they can buy it.,Ɛsɛ sɛ wɔsiesie lɔre no ansa na wɔatumi atɔ.
The leader asked for accountability of the distributed food.,ɔkannifoɔ  no bisaa nsɛm faa nkontabuo a ɛfa nnuane a wɔkyekyeɛ no ho.
More people now have access to clean water than before.,Mprempren nnipa pii nya nsu pa sen kan no.
The company couldn't afford to pay the salary arrears.,Adwumakuw no antumi antua akatua a aka no.
The price of charcoal keeps on changing every year.,Fango bo kɔ so sakra afe biara.
Our teachers are on a sit down strike over pay raise.,Yɛn akyerɛkyerɛfoɔ retena fie wɔ wɔn akatua mu toɔ ho.
My brother has gone to fetch water from the tap.,Me nuabarima akɔbu nsuo afiri nsutwebea no mu.
The government is planning to add more money in constructing more classroom blocks.,Aban no pɛ sɛ wɔde sika bebree ba ma wɔde sika sukuu adesuadan ahodoɔ pii ka ho
The price of meat is determined by the butcher.,"Nam bo a wɔbɛtɔ no, nea ɔkum nam no na ɔkyerɛ."
If you take days without eating food you might die..,Sɛ wogye nna a wunnni aduan a ebia wobɛwu.
The municipal council will solicit funds to establish market stalls for fishmongers.,Mansini no kansele no bɛsrɛsrɛ sika de asi dwa de ama mpataa adwadifoɔ
Justice must prevail at all times and at all costs.,Ɛsɛ sɛ atɛntrenee di nkonim bere nyinaa ne ɔkwan biara so.
Programs that provide access for women to better markets should be started.,ɛsɛ sɛ wofi nhyehyɛe ahorow a ɛma mmea nya kwan kɔ gua pa so ase.
She spent a lot of money on the tickets to the soccer game.,ɔsɛee sika pii wɔ tekiti a wɔde bɛkɔ bɔɔlbɔ no ho
To be able to get water quickly you have to be at the borehole very early.,"Nea ɛbɛyɛ na woatumi anya nsuo ntɛm no, ɛsɛ sɛ woduru bɔɔhoo no ano anɔpa pa ara."
Commercial farming requires a bigger piece of land.,Kuadwuma a wɔde di gua hwehwɛ sɛ wonya asase kɛse.
The bus ticket will be used to pay the players' bills.,Wɔde bɔs tekiti no bedi dwuma de atua agodifo no ka.
School fees paid by parents can be used for many things in developing a school.,sukuu ka a awofo tua no betumi ayɛ nneɛma pii wɔ sukuu nkɔso mu.
"The land supports cultivation of crops such as maize, rice, guinea corn, yam, millet, sweet potato, soybean, groundnut, Bambara beans, cassava, watermelon, and many others.","Nneɛma a wɔbɛtumi adua no asase no so no binom ne aburoo, ɛmo, bayerɛ. atokoɔ, aborɔdwomaa, nkatea, adua. akyee, bankye, anamuna, ne deɛ ɛkeka ho."
There was an increase in prices of basic food Staples during the lockdown.,Nnoɔma a yɛdi no boɔ kɔɔ soro wɔ dan-mu-hyɛ berɛ no mu.
The market for food items is readily available.,Adwadie a ɛfa aduane ho no nso kɔ so berɛ nyinaa.
The vendors do not have accountability for their money.,Wɔn a wɔtɔn nneɛma no nni wɔn sika ho akontaabu.
To have much yields you need to have a big piece of land.,"Nea ɛbɛyɛ na woanya nnɔbaeɛ bebree no, ɛsɛ sɛ wonya asase kɛseɛ."
This company will provide crops and market for the farmers produce.,Saa adwumakuo de nnuaba ne edwa bɛbrɛ akuafoɔ no nnɔbaeɛ.
The person dealing in money must be very integral.,Ɛsɛ sɛ onipa a ɔde sika di gua no yɛ obi a ɔyɛ ade titiriw.
Some health centres have good customer care services.,Akwahosan asoɛe ahodoɔ bi wɔ nnwuma pa a wɔhwɛ adetɔfo so.
Conflicts between husbands and wives were paramount because women delayed on the water points.,Ná okununom ne ɔyerenom ntam ntawntawdi yɛ nea ɛho hia sen biara efisɛ na mmea kyɛ wɔ nsu no mu.
The taxi driver is blamed for over speeding causing a tyre burst hence the accident .The dead and injured people had not yet been identified by press time.,Wɔde asodi to taksikafo no so sɛ ɔde mmirika boro so ma tae bi paee enti akwanhyia no sii .Na wonnya nhuu nnipa a wɔawuwu ne wɔn a wɔapirapira no wɔ nsɛm ho amanneɛbɔ bere mu.
Money given to people by politicians should instead be used to improve community services.,Ɛsɛ sɛ wɔde sika a amammuifo de ma nkurɔfo no di dwuma mmom de ma mpɔtam hɔ nnwuma tu mpɔn.
Farmers were educated how to run a water efficient fish farm.,Wɔkyerɛɛ akuafo sɛnea wobetumi ayen nsuo mu nam wɔ ɔkwan a ɛfata so.
"The chief administrative officer berieves there is a lot of money not accounted for , and so he decides to keep the figure confidential.","The chief administrative officer berieves there is a lot of money not accounted for , na enti osi gyinae sɛ ɔbɛma akontaabu no ayɛ kokoamsɛm."
Also rivers can be a source of clean water.,Bio asubɔnten bɛtumi ayɛ beaeɛ a yɛnya nsuo pa firi.
He used some of his money to construct his home.,Ɔde ne sika no bi sii ne fie.
The market for agricultural products is available within and outside the country.,Kuadwuma ho adwadie no kɔ so wɔ ɔman yi mu ne aman foforɔ so.
He borrowed money from his father to set up a studio.,Ɔfɛm sika fii ne papa hɔ de sii studio.
We were given free food by the government during the lockdown.,Aban no maa yɛn nnuane kwa berɛ a na wɔmma kwan mma yɛmpue no mu.
A new tax has been imposed on mobile money transactions.,Wɔde tow foforo ahyɛ telefon so sika a wɔde di dwuma ho.
Leaders have gained a lot of money from the women's projects.,Akannifoɔ anya sika pii afiri mmaa no nnwuma  mu.
I have a loan debt to pay for a period of over five years.,Mewɔ bosea a ɛsɛ sɛ mitua bɛboro mfe anum.
People are paying a lot of tax to the government.,Nkorɔfoɔ retua ɛtoɔ beberee ama aban no.
"He was imprisoned for forging receipts, stating the reason for someone's imprisonment.","Wɔde no too afiase esiane sɛ ɔyɛɛ atoro nkrataa a wɔde gye sika, na ɔkaa nea enti a wɔde obi too afiase nti."
Quite a number of people have failed to pay back loans and interests.,nnipa dodow bi ntumi ntua bosea ne mfɛntom
The police officers were arrested for receiving a bribe from a taxi driver.,Wɔkyeree polisifo no sɛ wonyaa adanmude fii taksikafo bi hɔ.
"The water in her bucket poured, accidentally spilling out of the container.","Nsu a ɛwɔ ne bokiti mu no hwiee gui, na ɛhwiee fii ade a wɔde gu mu no mu wɔ akwanhyia mu."
Shops selling general merchandise were allowed to open during the lockdown.,Wɔmaa kwan ma wobuee sotɔɔ ahodoɔ a wɔtɔn nneɛma a wɔde di dwuma nyinaa wɔ bere a na wɔatoto mu no.
The payment was only done after a cry from the councillors.,Wɔyɛɛ akatua no bere a agyinatufo no teɛteɛɛm akyi nkutoo.
"People have easy accessibility to schools, health services and areas of the market.","Nkorɔfo wɔ kwan a ɛnyɛ den sɛ wɔbɛkɔ sukuu, apɔmuden ho adwumayɛbea ne mmeaeɛ a ɛwɔ dwa so."
The poor organization was as a result of not having enough money.,Ahyehyɛde a enye no fi sika a na ɛnnɔɔso.
Kukua borrows money from groups and uses it as capital for briquette making.,kukua bɔ bosea fi akuw ahodoɔ hɔ na ɔde yɛ kapital de yɛ briquette.
"Farmers are now getting new equipment to use and were taught how to learn to save their money to succeed in farming,","Mprempren akuafo no nya mfiri foforo a wɔde bedi dwuma, na wɔakyerɛ wɔn sɛnea wobesie wɔn sika adi na ama wɔatumi adi yiye wɔ wɔn mfuw mu."
People go to the market to buy goods from traders.,Nkorɔfoɔ kɔ dwam kɔtɔ nnoɔma firi adwadifoɔ nkyɛn.
He used the money to add capital in his business.,Ɔde sika no de kapital kaa n’adwuma ho.
She wants her wedding reception to be in the restaurant gardens.,Ɔpɛ sɛ n’ayeforohyia apontoɔ no yɛ adidibea turom hɔ
The district leaders solicited money from the government to help the people.,Mansini no akannifoɔ no kɔpɛɛ sika firii aban no hɔ de bɛboaa wɔn manfoɔ no.
Farmers should avoid feeding pigs on leftover food from hotels.,Ɛsɛ sɛ akuafo twe wɔn ho fi nnuan a aka ɛfri ahɔhodan mu a wɔde ma mprako no.
Some animal diseases make their meat unsafe for people's consumption.,Mmoa nyarewa bi ma wɔn nam nyɛ nea asiane biara nni ho sɛ nkurɔfo betumi adi.
There will be a training about fish farming in the town hall.,Wɔbɛyɛ nteteɛ ama sɛdeɛ wɔnyɛn nsuomnam ho wɔ kuro no asa so.
"That is a very attractive piece of cloth. How much does it cost? I would like to get one for my wife. Her birthday is coming up, and I would like for her to have a good time.","Ɛno yɛ ntama a ɛyɛ fɛ yiye. Ɛho ka yɛ ahe? Mepɛ sɛ minya bi ma me yere. N’awoda reba, na mɛpɛ sɛ ogye n’ani."
Farmers are being affected by price fluctuation of their products in the market.,Boɔ a ɛregyina faako no reha akuafo wɔ guaso.
Some students cannot afford daily transport to school so they fundraised and bought a school bus.,Asuafoɔ binom ntumi ntua kar a wɔde bɛkɔ sukuu da biara enti wɔboaboaa sika ano na wɔtɔɔ sukuu bɔs.
Bridge construction will cost over eighteen billion Ghana cedis but will promote business activities in the area.,Bridge a wɔbɛsi no bɛbɔ ka bɛboro Ghana cedis ɔpepepem dunwɔtwe nanso ɛbɛma adwumayɛ akɔ so wɔ mpɔtam hɔ.
The child has drowned in the water stream.,Abofra no amene wɔ nsu asuten no mu.
People need water extension services and proper water supplies.,Nkorɔfoɔ hia nsuo a wɔtrɛ mu nnwumadie ne nsupa a wɔde ma.
"Many of the student in Kwame Nkrumah University of Science and Technology enrolled on loan scheme , therefore they are expected to pay back the money after their education","Sukuufoɔ a wɔwɔ Kwame Nkrumah University of Science and Technology no mu pii de wɔn din hyɛɛ boseabɔ nhyehyɛeɛ mu , enti wɔhwɛ kwan sɛ wɔbɛtua sika no wɔ wɔn nwomasua akyi"
"The fight costed people expensive property, crops and a life was lost.","Ɔko no maa nnipa hweree agyapadeɛ a ɛsom bo, nnuaba ne nkwa."
How much does it cost to start a fish farm?,Ɛka ahe na wɔbɔ na wɔafi mpataa afuw ase?
The district has failed to ensure proper hygiene in the market and the district health officers asserted that toilets will be constructed in the market.,Ɔmansin no ntumi nhwɛɛ sɛ ahotew pa bɛba gua so na ɔmantam no akwahosan ho adwumayɛfo no sii so dua sɛ wobesi tiafi wɔ gua no so.
The girl complained about being denied food at home.,Abaayewa no kaa sɛ wɔmma no aduane nni wɔ fie.
"The predominant fauna or food rich wildlife and animal species encountered in the Ashanti Empire were the hen, sheep, goat, duck, turkey, rabbit, guinea fowl, fish, and the porcupine.","Mmoa anaa wuram mmoa ne mmoa ahodoɔ a wɔhyiaa wɔn wɔ Asante Ahennie no mu titire ne akokɔ, odwan, apɔnkye, dabodabo, kurokuro, adanko, guinea nnomaa, mpataa, ne kɔtɔkɔ."
Some individuals sell sandals to earn a living.,Ankorankoro binom tɔn mpaboa de nya wɔn asetrade.
"Some project leaders involved in construction projects were found to have embezzled the allocated funds, falsely claiming to have sent the funds using mobile money transactions.","Wohui sɛ adwuma no akannifo binom a wɔde wɔn ho hyɛɛ adansi adwuma mu no sɛee sika a wɔde ama no, na wodii atoro kae sɛ wɔde sika a wɔde di dwuma wɔ telefon so na ɛde sika no kɔmaa wɔn."
Each home in the district should have a food reserve.,Ɛsɛ sɛ afie biara a ɛwɔ ɔmantam no mu nya aduan a wɔde asie
The men attempting to sell a gun have been arrested.,Mmarima no a ɔpɛɛ sɛ wɔtɔn tuo no wɔakye wɔn.
The local miners sell stones and get money.,Kuro manfoɔ a wɔtu fam agudeɛ no tɔn aboɔ na wɔde nya sika.
"During the lockdown, food shops and supermarkets were allowed to operate.","Wɔ lockdown no mu no, wɔmaa aduantɔnbea ne aguadidan akɛse kwan ma wɔyɛɛ adwuma."
More equipment has been bought to scan heart conditions.,Wɔatɔ nnwinnade pii a wɔde bɛhwɛ koma tebea horow.
People have been provided with food and clothes.,Wɔama nkorɔfoɔ aduane ne ntaadeɛ.
The motorists complained of the little money from passengers.,karkafoɔ no nwiinwii dennennen faa sika ketewa a akwantufoɔ no de ma wɔn no
"In commercial agriculture, farmers sell their produce to get money.","Wɔ aguadi kuayɛ mu no, akuafo tɔn wɔn nnɔbae de nya sika."
Farmers reduced the costs incurred in removing the husk of the rice.,Akuafo no tumi tew sika a na wɔbɔ wɔ ntɛtɛ wo yi no ho.
Refugees were given food relief because it is a rainy season.,wɔmaa aguanfo aduan efisɛ ɛyɛ osutɔ bere.
The municipal council needs to carry out water extension services in other areas.,Mansini no kansele no hia sɛ wɔde nsua kɔ nkuro ahodoɔ mu wɔ mmeaeɛ nkae no.
People are always promised money each time the general elections approach.,Wɔhyɛɛ nkorɔfoɔ no bɔ sɛ wɔbɛma wɔn sika berɛ biara ɔman no nyinaa abatoɔ ɛreba so no.
The students do some bricklaying to get money for school fees.,Asukuufoɔ no yɛ birikisi adwuma binom de nya sika ma sukuu feese.
Health officers closed all dirty butchers in the district markets last week.,Akwahosan ho adwumayɛfo too namtɔnfo a wɔn ho agu fĩ nyinaa mu wɔ ɔmantam no gua ahorow so dapɛn a etwaam no.
There was poor accountability of the food relief that was distributed.,Na nkontaabuo fa aduane a wɔde maeɛ no nyɛ.
The food was distributed to the erderly and the vulnerable only.,Wɔkyekyɛɛ nnuane no mmaa wɔn a wɔn mfeɛ akɔ anim ne ahiafoɔ nko ara.
He was found guilty and arrested for misusing the market funds.,Wobuu no fɔ na wɔkyeree no sɛ ɔde gua so sika anni dwuma ɔkwammɔne so.
"On men and women, who has loves money most.","Wɔ mmarima ne mmea fam no, hena na ɔwɔ ɔdɔ ma sika kɛse."
It's very hard to find a clean community market.,Ɛyɛ den yiye sɛ wubenya mpɔtam gua a ɛhɔ tew.
People do not want to pay water bills.,Nkorɔfoɔ mpɛ sɛ wɔbɛtua wɔn nsuo ka.
Their company is the leading exporter of fresh fruits and vegetables in Ghana.,Wɔn adwumakuw no na edi kan a ɛde nnuaba ne nhabannuru a ɛyɛ foforo kɔ amannɔne wɔ Ghana.
The headteacher was arrested for asking students' money to bribe invigilators.,Wɔkyeree Sukuupanin no no sɛ ɔka kyerɛɛ asuafoɔ no sɛ wɔmfa sika mmra mma wɔmfa mma nnipa a wɔhwɛ nsɔhwɛ no soɔ no.
The new minister was arrested for embezzling government money.,Wɔkyeree ɔsomfo foforo no sɛ ɔsɛee aban sika.
"During a rainy season, people in rural areas use rain water for domestic use.","Osutɔ bere mu no, nnipa a wɔwɔ nkuraase de osutɔ nsu di dwuma wɔ fie."
Main markets are inspected for hygiene issues to ensure the cleanliness and safety of the vendors and customers.,Wɔhwɛ dwa atitire mu hwɛ sɛ ahoteɛ ho nsɛm bi wɔ hɔ de hwɛ hu sɛ adetɔnfoɔ ne adetɔfoɔ no ho tew na wɔwɔ ahobammɔ.
How can we connect the buyer to the seller?,Yɛbɛyɛ dɛn atumi de nea ɔtɔ ade no abata nea ɔtɔn no ho?
The running water caused serious damage to the school.,Nsu a ɛsen no sɛee sukuu no kɛse.
Some people use these animals for bride price.,Nnipa binom de saa mmoa yi di dwuma de gye ayeforo bo.
Chefs must put on aprons while cooking to get rid of some characters and avoid splashing dirty water on others.,Ɛsɛ sɛ aduannoafo hyɛ apron bere a wɔrenoa aduan no na ama wɔayi nnipa bi afi hɔ na wɔakwati sɛ wɔbɛpete nsu fĩ agu afoforo so.
The schools received money from the ministry of Education.,Sukuu ahorow no nyaa sika fii Nhomasua adwumayɛbea hɔ.
He advised the locals to use the money for developing their livelihoods.,Ɔtuu kurom hɔfo fo sɛ wɔmfa sika no nyɛ wɔn asetra ho adwuma.
People need better equipment for proper fish storage.,Nkorɔfoɔ hia nnwinnadeɛ a ɛyɛ na ama wɔatumi de mpataa asie yie.
Farmers face problems of accessing the areas of the market.,Akuafo no hyia nsɛnnennen wɔ baabi a wɔtɔn wɔn nnɔbae no ho.
"A pilot project is conducted to evaluate the feasibility, cost and duration of a project.","Wɔyɛ nhwehwɛmu adwuma bi de hwɛ sɛnea adwuma bi betumi ayɛ yiye, ɛho ka ne bere tenten a ɛbɛkyɛ."
Cocoa farmers are assured of a market for their produce.,Wɔma koko akuafo awerɛhyem sɛ wobenya gua a wɔde bɛtɔ wɔn nnɔbae.
People are furious over water scarcity in the area.,Nkorɔfoɔ bu afu wɔ nsuo a ɛnni mpɔtam hɔ.
National medical stores supplied drugs for human immune virus patients.,Ná ɔman no mu nnuruyɛbea ahorow de nnuru ma ayarefo a wɔanya ɔyare mmoawa a wɔko tia nyarewa no.
The minister visited the piece of land where construction will take place.,Ɔsoafoɔ no kɔɔ asase no a dwumadie no rebɛkɔ so no so.
The local governments should create simple mechanisms through which people would pay tax.,Ɛsɛ sɛ aban a ɛwɔ nkuro ahodoɔ mu no yɛ nneɛma binom a ɛbɛma nkurɔfoɔ atua wɔn toɔ.
I own two shops in the trading centre.,Mewɔ sotɔɔ abien wɔ aguadibea hɔ.
Doctors advise women to buy all items needed for safe child delivery in time.,Nnuruyɛfo tu mmea fo sɛ wɔntɔ nneɛma a wohia nyinaa na ama wɔawo abofra a ahobammɔ wom wɔ bere ano.
"Abena gave her son a sweet to calm him down, and she bathes her baby with warm water.","Abena maa ne ba no aduane dɛdɛ sɛ ɔma ne bo dwo, na ɔde nsuo a ɛyɛ hyeɛ guare ne ba no."
People have quit mobile money businesses because of a lack of customers.,Nkorɔfoɔ agyae foono sikasɛm adwuma ɛnam sɛ wɔnya wɔn adwadifoɔ nti.
The swimmer gracefully glided through the water. He completed each stroke with precision.,Osuguarefo no de fɛw faa nsu no mu. Ɔde pɛpɛɛpɛ wiee ɔhwe biara.
Some poor people consume all their money with holding back any little for savings.,Ahiafoɔ binom di wɔn sika nyinaa denam sika ketewaa biara a wɔde sie de hwehwɛ sika a wɔde sie no so.
He walks around the village every day selling the pancakes that his mother makes.,Ɔkyinkyin akuraa no ase da biara na ɔtɔn pancakes a ne maame yɛ no.
The venue for the next meeting shall be at the hotel.,Beae a wɔbɛyɛ nhyiam a edi hɔ no bɛyɛ ahɔhodan no mu.
"My cousin was charged with armed robbery, and he was arrested for trying to cash a forged cheque at the bank.","Wɔbɔɔ me wɔfase no sobo sɛ ɔde akode abɔ korɔn, na wɔkyeree no sɛ ɔrebɔ mmɔden sɛ obeyi sikakrataa a ɛnyɛ nokware wɔ sikakorabea hɔ."
At how much did you acquire your piece of land?,Wonyaa w'asase no sɛn?
Veterans are to be paid in cash as resolved by the commissioner.,Ɛsɛ sɛ wɔde sika hyɛ asraafoɔ a wɔdi ako no nsam de tua wɔn ka sɛdeɛ ɔpanin no kaeɛ no.
The whole villages gets water from the borehole.,Nkuraase no nyinaa nya nsu fi tokuru no mu.
The public should provide better pay for the youth.,Ɛsɛ sɛ ɔmanfo de akatua a eye ma mmabun no.
A woman was arrested for burning her child's fingers because of stealing food.,Wɔkyee ɔbaa bi too mu sɛ wahye ne ba nsatea ɛfiri sɛ ɔkɔ wiaa aduane nti.
Refugees have started practicing farming so as to earn a living and were advised to save money If they want to succeed in farming.,aguanfo afi ase reyɛ kua sɛnea ɛbɛyɛ a wobenya wɔn asetrade na wotuu wɔn fo sɛ wɔmfa sika nsie Sɛ wɔpɛ sɛ wodi yiye wɔ kuayɛ mu a.
It requires a lot of money to traver around the country soliciting for votes.,Egye sika pii na wɔatumi atu kwan akɔ ɔman no mu akɔhwehwɛ abatow.
He sold the young cow to his immediate neighbor.,Ɔtɔn nantwi ba no maa ne fipamfo a ɔbɛn no pɛɛ no.
Businessmen pay a lot of taxes to the government.,Aguadifoɔ tua toɔ pii ma aban no.
The way the government is providing clean water is not liked by the people,Ɔkwan a aban no rema nsuo a ɛmu te no nkorɔfoɔ no mpɛ.
Some people traver long distances to access water sources where they can fetch water from,Nnipa binom twa kwan tenten kɔ mmeae a wobetumi anya nsu afi hɔ
After all the money he had put in he didn't go through the nominations.,Sika a ɔde ahyɛ mu nyinaa akyi no wankɔ nominations no mu.
Many innovators are now focusing on creating cheaper testing alternatives.,Mprempren nnipa pii a wɔyɛ nneɛma foforɔ de wɔn adwene asi so sɛ wɔbɛyɛ akwan foforɔ a wɔfa so sɔ nneɛma hwɛ a ne bo nyɛ den.
You must buy a cultural marriage certificate for a successful introduction.,Ɛsɛ sɛ wotɔ amammerɛ mu awareɛ nkrataa sɛdeɛ ɛbɛyɛ wo nhunuanimu bɛyɛ kama.
"During the celebration on Saturday, people go around many Ga households in the Gamashie area to share the festal food with them.","Wɔ afahyɛ no mu Kwasida no, nkurɔfo kyinkyin Ga afie pii mu wɔ Gamashie mpɔtam hɔ kɔkyɛ afahyɛ no mu nnuan no kyerɛ wɔn."
My parents can not afford to buy for me books.,M’awofo ntumi ntɔ nhoma mma me.
The district leader has employed a new watchman in the market.,Ɔpanin a ɔda Mansini no ano no afa awɛmfoɔ sɛ wɔnnwɛn edwa no.
Huge sums of money have been used to improve people's lives in those areas.,Wɔde sika pii adi dwuma de ama nkurɔfo asetra atu mpɔn wɔ saa mmeae no.
The elders were happy that the money finally reached them.,"Mpanimfoɔ ani gyee sɛ awieeɛ koraa no, sika no bɛkaa wɔn nsa."
How can people in rural areas access tap water?,Ɔkwan bɛn so na nnipa a wɔwɔ nkuraase betumi anya tap mu nsu?
Most people in Kpandu buy food from market places.,Nnipa dodow no ara a wɔwɔ Kpandu tɔ nnuan fi gua so.
The cost of investment in agricultural activities is high.,Ɛka a wɔbɔ wɔ sika a wɔde hyɛ kuayɛ mu no yɛ kɛse.
Mothers should feed on good food and sleep under a treated mosquito net and go for antenatal care.,Ɛsɛ sɛ ɛnanom di aduan pa na wɔda ntontom adan a wɔayɛ no ase na wɔkɔhwɛ wɔn ho wɔ awo akyi..
Terecommunication companies organize marathons to raise money for giving back to the community,Telecommunication nnwumakuo yɛ mmirikatu a wɔde tu mmirika ho nhyehyɛe de hwehwɛ sika de san de nneɛma ma ɔmanfo
Government money should be well utilised to satisfy people's needs.,Ɛsɛ sɛ wɔde aban sika di dwuma yiye de te nkurɔfo ahiade.
Market vendors were asked to follow the health guiderines to survive the pandemic.,Wɔka kyerɛɛ wɔn a wɔtɔn nneɛma wɔ dwa soɔ no sɛ wonni akwahosan ho akwankyerɛ ahodoɔ no akyi na ama wɔanya wɔn ti adidi mu wɔ ɔyaredɔm berɛ no mu.
The number of previous water connections request will determine your waiting time for water.,Nsuo nkitahodie a wɔabisa deda no na ɛbɛkyerɛ ɛberɛ a wode bɛtwɛn nsuo no.
delayed payments were as a result of dwindling revenue.,Na sika a wɔkyɛe no fi sika a wonyae a ɛso tew.
"He bought his wife a gold necklace, surprising her with a luxurious and precious gift.","Ɔtɔɔ ne yere sika kɔnmuade, na ɔde akyɛde a ɛyɛ fɛ na ɛsom bo maa ne ho dwiriw no."
The president sensitized us about the importance of paying taxes.,Ɔmampanyin no maa yɛtee hia a ɛho hia sɛ yetua tow no ase.
"In order to consume electricity, one must pay a certain fee.","Sɛ obi betumi adi anyinam ahoɔden, ɛsɛ sɛ otua sika pɔtee bi."
How much money was raised from the fundraising campaign?,Sika ahe na wonya fii sikakorabea ɔsatu no mu?
Health workers are only people allowed to sell drugs.,Akwahosan ho adwumayɛfo yɛ nnipa a wɔma wɔn kwan ma wɔtɔn nnuru nkutoo.
Some people are fond of borrowing even when they cannot pay.,Nnipa binom ani gye boseabɔ ho bere mpo a wontumi ntua.
A woman was convicted for illegal possession of meat.,Wobuu ɔbea bi fɔ sɛ okura nam a mmara mma ho kwan.
Soybean can be made into other food products.,Wobetumi ayɛ soyabean ayɛ no nnuan afoforo.
If you want to get a loan quickly you should go to money lenders.,Sɛ wopɛ sɛ wobɔ bosea ntɛm a ɛsɛ sɛ wokɔ wɔn a wɔde sika fɛm no nkyɛn.
"The kingdom has a diverse selection of foods. Common foods are Sa-am (Tuozaafi), Sakoro (pounded yam), Tuya (rice and beans), Tubani, Gablee, wasawasa, yaankahanda, yaanmonda, yaankikalli, and others.","Ahennie no sane wɔ fa bi a ɛyɛ nnuane ahodoɔ nyinna bi. Nnuane a abu so no binom ne Sa-am (Tuozaafi), Sakoro (bayerɛ a wɔawɔ), Tuya (ɛmo ne adua), Tubani, Gablee, wasawasa, yaankahanda, yaanmonda, yaankikalli, ne deɛ ɛkeka ho."
It is not good to bath from water sources.,Ɛnyɛ papa sɛ wobɛdware afiri nsuo mu.
How to make planktons in the fish pond?,Ɔkwan bɛn so na wɔyɛ plankton wɔ mpataa atare no mu?
"Some youths fail to get jobs after graduation, but he has injected more money into his businesses in the area to help women increase household income.","Mmabunu binom ntumi nnya nnwuma bere a wɔawie sukuu no, nanso ɔde sika pii ahyɛ n’adwumayɛbea ahodoɔ a ɛwɔ mpɔtam hɔ no mu de aboa mmea ma afie mu sika akɔ soro."
The health centres should provide medical services at a reasonable price.,Ɛsɛ sɛ apɔmuden asoeɛ no de nnuruyɛ dwumadie ma a nteaseɛ wɔ ne boɔ no mu.
Issues regarding tax payment should be openly discussed.,Ɛsɛ sɛ wɔka nsɛm a ɛfa toɔ tua ho asɛm pefee.
The leader bought a car as a present for her daughter's twelfth birthday.,ɔkannifoɔ no tɔɔ kaa deyɛɛ akyɛdeɛ de maa ne ba baa wɔ ne mfinhyia du mmienu a wanya no mu.
The payments are delayed because revenue has not been fully collected.,Wɔtwentwɛn sika a wotua no ase efisɛ wonnya nnyee sika a wonyae no nyinaa.
I bought those shoes at six thousand Ghanaiancedis.,Metɔɔ saa mpaboa no wɔ Ghana cedi no mpem nsia.
The motorized water source has provided enough water for the people.,Nsuo a wɔde afiri ayɛ yɛ beaeɛ pɔtee a nnipa pii no ara nya nsuo firi.
"She went to the hospital to test for breast cancer, whiles civil workers were paid their pension on retirement.","Ɔkɔɔ ayaresabea kɔhwɛɛ nufu mu kokoram, bere a na wotua aban adwumayɛfo pɛnhyen sika bere a wɔakɔ pɛnhyen no."
Even pipes where clean water passes can also get damaged.,Mpo dorobɛn nsu a emu tew mpo betumi asɛe.
People save small sums of money on mobile money for emergency use.,Nkorɔfoɔ sie sika kakraa bi wɔ foono (mobile money) so ma tebea a ɛhia ntɛm so.
Accountability and right documentation should be paid attention to in any project going forward.,Ɛsɛ sɛ wɔhwɛ akontaabu ne nkrataa a ɛteɛ so wɔ adwuma biara a ɛbɛkɔ so no mu.
Government injects money in schemes to transform the nation into a middle-income state.,Aban no de sika akɔhyɛ nhyehyɛe ahorow mu sɛ wɔbɛdan ɔman no ayɛ ɔman a sika a wonya fi mu dɔɔso.
A refrigerator is available to keep icepacks for medical purposes and cool drinks for the players during the game.,Fridge bi wɔ hɔ a wɔde icepacks besie de ayɛ aduruyɛ ne anonne a ɛyɛ nwini ama agodifo no bere a wɔredi agoru no.
Let us keep the togetherness at all costs.,Momma yɛmma nkabom no nkɔ so sɛnea ɛte biara.
Artificial ways of preserving food are not good.,Akwan a wɔde nsa ayɛ a wɔfa so kora aduan so no nyɛ papa.
The church finance committee keeps all money collected from the Christians.,Asɔre no sikasɛm boayikuw no de sika a wogye fi Kristofo hɔ nyinaa sie.
Ripening is a process in fruits that causes them to become more palatable.,ɛbere yɛ adeyɛ a ɛkɔ so wɔ nnuaba mu a ɛma ɛyɛ dɛ kɛse.
Fake seeds should be banned from the market.,Ɛsɛ sɛ twamu fri dwadie mu
"Hotels and bars in areas near the stadium make a lot of money during home games. If a community has many football teams, then there are high chances of development.","Ahɔhodan ne nsãdan a ɛwɔ mmeae a ɛbɛn agumadibea no nya sika pii bere a wɔredi agoru wɔ fie no. Sɛ mpɔtam bi wɔ bɔɔlbɔ akuw pii a, ɛnde hokwan kɛse wɔ hɔ sɛ wobenya nkɔso."
There is a meeting for the non-teaching staff whiles the organization staff are responsible for distributing food to the refugees.,Wɔayɛ nhyiamu bi ama wɔn a wɔkyerɛ adeɛ ano berɛ a nnipa wɔyɛ adwuma wɔ ahyehyɛdeɛ no mu no dwumadie ne sɛ wɔbɛkyekyɛ nnuane ama atubrafoɔ no.
Eating cold food in the morning is unhealthy.,"Sɛ wudi aduan a ɛyɛ nwini anɔpa a, ɛnyɛ mapomoden"
This company will provide crops and market for the farmers produce.,Saa adwumakuo yi de nnuaba ne ɛdwa bɛma akuafoɔ nnɔbaeɛ.
Some churches don't account for the money they receive.,Asɔre ahodoɔ bi mmu sika a wonya no ho akontaa.
She was imprisoned for failing to pay the loan.,Wɔde no too afiase esiane sɛ wantua bosea no.
A certain officer was imprisoned for misusing taxpayers money last month.,Wɔde mmara ho nnipa bi ato afiase ɛnam toɔtuafoɔ sika a ɔyɛɛ no basabasa bosome ɛtwam no.
The water used to be contaminated by sewage from the nearby toilet.,Kane no na nsufi a ɛfiri tiafi a ɛbɛn no gu ma nsuo no sɛe.
People who stay next to water bodies don't have issues with water shortages.,Nnipa a wɔte nsuo nkyɛn no nni ɔhaw a ɛfa nsuo a ɛho yɛ na ho.
Shortage of water in the area has discouraged agriculture.,Nsuo a ɛho yɛ na wɔ mpɔtam hɔ no ama kuayɛ abam abu.
You have to pay tax if you are carrying out business on a piece of land.,Ɛsɛ sɛ wotua toɔ sɛ woredi dwa wɔ asase ketewa bi so a.
The village leaders have ensured the availability of regular water supply.,Akuraase kannifoɔ no ahwɛ sɛ nsuo a wɔma no daa no bi wɔ hɔ.
Parents struggle to pay their children's school fees.,Awofoɔ bɔ mmɔden sɛ wobɛtua wɔn mma sukuu ka.
The village chairperson sold off that land illegally.,Akuraa no ase guamtrani no tɔn saa asase no wɔ ɔkwan a mmara mma ho kwan so.
One key objective for any business is to maintain its customers.,Botae titiriw biako a adwuma biara wɔ ne sɛ ɛbɛkɔ so akura n’atɔfo mu.
The headteacher requested all parents to pay school fees in time.,Sukuupanin no srɛɛ awofoɔ nyinaa sɛ wɔntua sukuu fiisi berɛ ano.
The government needs to increase on the funds allocated to the water sector.,Ɛsɛ sɛ aban no de sika a watwa ama asoeɛ a ɛhwɛ nsuo ho nsɛm so no bi ka ho
She spread a rumour that I have been stealing money from the company.,Ɔtrɛɛ asɛm bi mu sɛ mawia sika afi adwumakuo no hɔ.
Communities lack funds to invest in fish farming.,Mpɔtam hɔfo nni sika a wɔde bɛto mpataa a wɔyɛn mu.
People have found alternative medicines because health centres are expensive.,Nkorɔfoɔ anya nnuru foforɔ ɛfiri sɛ apɔmuden asoɛeɛ boɔ yɛ den.
People suffered from diseases like diarrhoea because of dirty water.,Nkorɔfoɔ nyaa nyarewa te sɛ hurayɛ esiane nsu fi nti.
Some parents pack food for their children while going to school.,Awofo binom boaboa nnuan ano ma wɔn mma bere a wɔrekɔ sukuu no.
"Due to the heavy rains, roads are being flooded with running water.","Esiane osu kɛse a ɛretɔ nti, nsu a ɛsen fa akwan so."
The company has not denied the allegations of not paying the employees' salaries.,Adwumakuw no nnyee sobo a wɔbɔe sɛ wɔantua adwumayɛfo no akatua no
The process will benefit farmers because food crops have got a ready market.,Nhyehyɛeɛ no bɛboa akuafoɔ ɛfiri sɛ aduane nnuaba wɔ mprɛnprɛn dwa.
The parliament of Ghana has reduced tax on mobile money transactions.,Ghana mmarahyɛ bagua no atew tow a wɔbɔ wɔ mobile money a wɔde di dwuma ho.
Five men were arrested on suspicion of selling drugs illegally.,Wɔkyeree mmarima baanum esiane sɛ wosusuw sɛ wɔretɔn nnubɔne a mmara mma ho kwan nti.
Every citizen of Ghana is obliged to pay tax.,Ɔman ba biara a ɔwɔ Ghana no wɔ asɛde sɛ ɔtua tow.
The rich pay some money to treat them with special care.,Adefoɔ tua sika ma wɔhwɛ wɔn yie.
The town provided a market for their vegetables.,Kurow no maa wɔn nhabannuru ho gua.
The way the government is providing clean water is not liked by the people,"Ɔkwan a aban no fa so de nsu pa ma no, ɔmanfo no ani nnye ho"
Many radio listeners compete for money during radio shows.,Kasafidie so atiefoɔ pii si akan de hwehwɛ sika wɔ kasafidie so dwumadie ahodoɔ mu.
People fear accessing loans because of the conditions involved in paying them.,Nkorɔfoɔ suro sɛ wɔbɛgye bosea ɛsiane nhyehyɛeɛ a ɛwɔ bosea a wotua mu nti.
Fake seeds were found on sale in certain markets.,Waho aba a ɛnyɛ wɔ dwa ahorow bi mu
People earn money from tenants in form of rent.,Nkorɔfoɔ nya sika firi wɔn a ɛbɛhan wɔn da ho sɛ wɔde dan no han a.
Some people received less money compared to the destruction they got.,"Sɛ wɔde toto ɔsɛe a wonyae no ho a, na nnipa binom nsa ka sika kakraa bi."
Many officers in Ghana steal the government's money.,Adwumayɛfoɔ pii a wɔwɔ Ghana wia aban no sika.
"I always drink a refreshing glass of water every morning, but not necessarily to quench my thirst.","Bere nyinaa menom nsu kuruwa a ɛma ahoɔden anɔpa biara, nanso ɛnyɛ nea ɛho hia sɛ mede bedum me sukɔm."
"Pokuaa does not have money to clear the loan, facing financial difficulties.","Pokuaa nni sika a ɔde betua bosea no, ohyia sikasɛm mu nsɛnnennen."
"If you decide to save your money, it shall accumulate with time.","Sɛ wusi gyinae sɛ wobɛkora wo sika a, bere kɔ so no, ɛbɛboaboa ano."
Acquiring a driving permit now days is both not easy and also expensive,Sɛ worenya ɛhyɛnka ho akwanya nnɛ yi mu nna fam na ne boɔ san so yɛ den.
Charity organizations provide help and raise money for those in need.,Adɔe ahyehyɛde ahorow de mmoa ma na wɔboaboa sika ano ma wɔn a wohia mmoa.
Mobile money is the simplest and easiest way of transferring money.,Fon sika yɛ ɔkwan a ɛyɛ mmerɛw na ɛnyɛ den a wɔfa so de sika kɔ baabi foforo.
People are getting water at the same place where animals feed.,Nkorɔfoɔ renya nsuo wɔ beaeɛ korɔ no ara mmoa didi hɔ no.
Certified outlets are the only ones allowed to sell seeds.,Nneɛma a wɔtɔn aba a wɔagye atom nkutoo na wɔma ho kwan sɛ wɔtɔn aba.
Non health workers are still selling drugs to people.,Wɔn a wɔnyɛ akwahosan ho adwumayɛfo da so ara tɔn nnuru ma nkurɔfo.
It's said that he paid extra money for construction of two latrines at Ajini landing sites.,Wɔka sɛ otuaa sika foforo kaa deɛ na ɛsɛ otua de si tiafi mmienu wɔ mmeae a  wosi fam wɔ Ajini no.
Corruption among district officials has led to leaders selling the animals meant for the people to non-beneficiaries.,Adifudepɛ a ɛkɔ so wɔ ɔmantam mpanyimfo mu no ama akannifo atɔn mmoa a wɔahyɛ da ayɛ ama ɔmanfo no ama wɔn a wonnya so mfaso.
Mobile money agents are receiving less commission because of mobile money tax.,Fon sika adwumayɛfo nya ahyɛde a wɔde ma a ɛba fam esiane fon sika tow nti.
Motorcycles are the cheapest and fastest means of transport.,Moto ne akwantu afiri a ne bo nyɛ den na ɛyɛ ntɛm sen biara.
"All seed needs water, oxygen, and warmth to grow.","Aba nyinaa hia nsu, mframa pa, ne ɔhyew na ama anyin."
Drivers stop at fuel stations to buy fuel for their vehicles.,Karkafo gyina mmeae a wɔtɔn pɛtro kɔtɔ pɛtro ma wɔn kar ahorow.
People in rural areas share water with animals.,Nkorɔfoɔ a wɔwɔ nkuraase no ne mmoa nom nsuo korɔ.
Schools should provide food for all children at school.,ɛsɛ sɛ sukuu ahodoɔ ma mmofra nyinaa aduan wɔ sukuu mu.
The food distributed was less than the number of people to receive it.,Na aduane a wɔrekyekyɛ no sua kyɛn nnipa a ɛsɛ sɛ wɔn nsa ka bi no.
Poor farming methods lower the quality and quantity of crop yields.,Akwan pa a wɔfa so yɛ kua no brɛ nnɔbae a wonya no yiye ne dodow ase.
"The Kpone Katamanso District officials will hold a meeting to discuss people's challenges, including the pressing issue of Ashaiman market lacking a public toilet.","Kpone Katamanso Mantam mu mpanyimfo bɛyɛ nhyiam bi de asusuw nkurɔfo nsɛnnennen ho, a asɛm a ɛho hia a ɛfa Ashaiman gua a enni ɔmanfo tiafi ho ka ho."
"Ewurafua did not like the taste of the food, and her mother's friends have learned to be good to their dogs while the twins used to wear similar clothes.","Ewurafua ani annye aduane no dɛ ho, na ne maame nnamfonom asua sɛ wɔbɛyɛ wɔn akraman yie berɛ a na mmanoma no taa hyɛ ntadeɛ a ɛte saa ara."
I plan to buy a piece of land next year.,Mayɛ nhyehyɛe sɛ mɛtɔ asase bi afe a edi hɔ no.
Angule possessions that were left behind were sold since it were on the land illegally.,Wɔtɔn Angule agyapade a wogyaw wɔ akyi efisɛ na ɛwɔ asase no so wɔ ɔkwan a mmara mma ho kwan so.
The people will get money after selling the construction materials to the company.,Nkorɔfoɔ no bɛnya sika sɛ wɔtɔn adansie nnoɔma no ma adwumakuo no wie a.
Money donations to people cannot help fight poverty in villages.,Sika a wɔde ma nkurɔfo no ntumi mmoa mma wɔnko ntia ohia wɔ nkuraa ase.
The taxi driver is blamed for over speeding causing a tyre burst hence the accident .The dead and injured people had not yet been identified by press time.,Wɔbɔɔ taski drɔba no soboɔ sɛ wɔkɔɔ amirika mmorɔsoɔ maa tae no paeɛ a akwanhyia no siiɛ. Nnipa a wɔawu na wɔapra no nkorɔfodɔm no nya nhunuu wɔn.
"Trees play a vital role in providing fruits, and their preservation is essential for sustaining this resource.","Nnua di dwuma titire wɔ nnuaba a wɔde ma mu, na ɛho hia sɛ wɔkora so na ama saa adeɛ yi atena hɔ."
Doctors in public hospitals are not well paid and there is no medicine in public hospitals.,Nnuruyɛfo a wɔwɔ ɔman ayaresabea ahorow no nnya akatua pa na aduru biara nni ɔman ayaresabea ahorow mu.
I want to buy a car this year.,Mepɛ sɛ metɔ kaa afe yi.
Five people were fired for protesting over delayed payments.,Wɔyii nnipa baanum fii adwuma mu esiane sɛ wɔkasa tiaa akatua a wɔtwentwɛn so nti
Parents are advised to raise more money to cater for structural development .,Wɔtu awofo fo sɛ wɔmpɛ sika pii mfa nni nhyehyɛeɛ mu nkɔsoɔ ho dwuma.
"Last month, two people died after eating poisoned food.","Bosome a etwaam no, nnipa mmienu wui berɛ a wodii aduane a awuduro wom no."
"Prevention of malaria may be more cost-effective than treatment of the disease in the long run, but the initial costs required are out of reach of many of the world's poorest people.","ebia asramma a wosiw ano no bɛyɛ nea ɛho ka sua sen yare no ayaresa bere tenten, nanso ɛka a wɔbɔ mfiase no yɛ nea wiase ahiafo pii ntumi nnya"
Parents lack funds to buy food for the children amidst this crisis.,Awofoɔ nni sika a wɔde bɛtɔ aduane ama wɔn mma wɔ saa amanneɛ yi mu.
It is expensive to get these health services in rural areas.,Ɛyɛ den sɛ wobenya apomuden ho nhyehyɛe ahorow yi wɔ nkuraase.
Many people in rural areas are now turning to vegetable growing.,Mprempren nnipa pii a wɔwɔ nkuraase redan akɔ atosodeɛ a wodua so.
Drivers with vehicles in the poor mechanical state should be made to pay fines.,Ɛsɛ sɛ wɔma karkafo a wɔn kar ntumi nyɛ adwuma yiye no tua ka.
The water levels are increasing in Lake Victoria.,Nsu a ɛwɔ Ɔtare Victoria mu no rekɔ soro.
People fought for food while at the burial ceremony.,Nkorɔfoɔ no peree wɔ aduane ho berɛ wɔreyɛ ayie no.
The amount of money dispersed to each youth group is dependent on its project proposal.,Sika dodow a wɔbɛpete ama mmabun kuw biara no gyina ne dwumadi ho nyansahyɛ so.
The government has stopped the distribution of food in quarantine centres.,Aban no mfa nnuane nkɔ mmeaeɛ a wɔde nnipa a wɔnya yareɛ no bi kɔgu no bio.
Patience pays never overtake if you don't feel safe to do so.,Aboterɛ tua ka sɛ ɛmmu obi mfa so sɛ wonte nka sɛ wonni bammɔ biara a.
Part of the money collected from taxes contributes to the building of roads.,Sika a wɔgye firi toɔtua mu no fa bi boa ma wɔyɛ akwan.
Some parents don't want to take the responsibility of paying school fees for their children.,Awofo binom mpɛ sɛ wɔfa asɛyɛde a ɛne sɛ wobetua wɔn mma sukuu ka no.
Most schools have no access to clean water.,Sukuu dodow no ara nni nsu pa.
Boreholes will be established to improve water supply.,Wɔbɛhyehyɛ ntokuru a wɔde bɛto mu na ama nsuo a wɔde ma no atu mpɔn.
Landlords in Akatsi are to start paying taxes for their houses.,Ɛsɛ sɛ afiewuranom a wɔwɔ Akatsi firi aseɛ tua toɔ wɔ wɔn afie ho.
Patients were requested to buy food while in the hospital.,Wɔka kyerɛ ayarefoɔ sɛ wɔntɔ aduane berɛ a wɔwɔ ayaresabea no.
Good roads ease transportation of goods to the market.,Akwan pa boa ma ɛyɛ mmerɛw sɛ wɔde nneɛma bɛkɔ gua so
As people migrate to safer places changes in buying of goods are seen.,"Bere a nkurɔfo tu kɔ mmeae a ahobammɔ wɔ no, wohu nsakrae wɔ nneɛma a wɔtɔ mu."
I shouldn't let the child with money out of sight.,Ɛnsɛ sɛ mema abofra a ɔwɔ sika no fi baabi a obiara nhu no.
The district will construct new markets and trading centers.,Mansini no bɛsisi adwadibea foforɔ nne mmeaeɛ ahodoɔ a wɔbɛtumi adi dwa bebree
They banned the movement and sale of animals and their products in the markets.,Wɔde taboɔ too mmoa a wɔnenam ne mmoa a wɔtɔn wɔn ne mmoa ho biribiara a wɔtɔn no dwa so no so.
He sang a song that he used to market his music studio.,Ɔtoo dwom bi a ɔde dii ne nnwom adwumayɛbea no ho gua
Farmers have to sign the document to acknowledge the receipt of seeds.,Ɛsɛ sɛ akuafo de wɔn nsa hyɛ krataa no ase de kyerɛ sɛ wɔn nsa aka aba no.
"I am not afraid of hard work. In fact, I enjoy hard work. My experience in life tells me that honesty and hard work pays.","Minsuro adwumaden. Nokwarem no, m’ani gye adwumaden ho. Osuahu a manya wɔ asetra mu ka kyerɛ me sɛ nokwaredi ne adwumaden tua ka."
The child reported his mother for denying her food.,Abofra no bɔɔ ne maame amanneɛ sɛ wampene n’aduan.
Buyers in many of the shopping arcades have reduced because of coronavirus .,Adetɔfo a wɔwɔ mmeae a wɔtɔn nneɛma pii no so atew esiane coronavirus nti .
The poor organization was as a result of not having enough money.,Nhyehyɛeɛ a ɛnyɛ no yɛ sika dodoɔ a wɔnni nti a.
How safe is the meat we buy from butcheries?,Nam a yɛtɔ fi mmeae a wokum nam no yɛ nea asiane biara nni ho dɛn?
The accountant in that district are unhappy over delayed salary payments.,Akontaabufo a wɔwɔ saa mantam no mu no ani nnye akatua a wɔakyɛ ho.
"The head of the family traditionally sprinkles kpoikpoi (a process called ""Nishwamo"") and pours drinks to the ground to honor ancestors following the preparation of Homowo food on Saturday.","Abusuapanin no nam amammerɛ kwan so pete kpoikpoi (adeyɛ bi a wɔfrɛ no ""Nishwamo"") na wahwie nsa agu fam de ahyɛ nananom animuonyam na wɔde ayɛ ahoboaboa ama Homowo aduane Memeneda no."
The government has boosted the water supply in Upper Denkyira West District district.,Aban no ayɛ ama nsuo ho nsɛm atu mpɔn wɔ Denkyira Apueɛ Mansini no mu
Some districts do not have access to clean water.,Amansin bi nni nsu pa.
Taxi drivers were warned not to move past curfew time.,Wɔbɔɔ taksikafo kɔkɔ sɛ ɛnsɛ sɛ wotu baabi foforo ntra bere a wɔahyɛ sɛ wɔmfa nkɔ fie no.
His parents have failed to pay the medical bills.,N’awofo ntumi ntua ayaresa ho ka.
"People contributed foodstuff, money to the government during the coronavirus pandemic.","Nkorɔfoɔ de aduane, sika boaa aban wɔ coronavirus ɔyaredɔm no mu."
Money should be used for its intended purpose.,Ɛsɛ sɛ wɔde sika di dwuma a wɔahyɛ sɛ wɔmfa  nyɛ.
How can a health facility be managed without money?,Ɔkwan bɛn so na wobetumi ahwɛ akwahosan ho adwumayɛbea bi so a sika nni hɔ?
More well s are being constructed for ease of access to safe water.,Wɔresisi abura pii sɛnea ɛbɛyɛ a ɛbɛyɛ mmerɛw sɛ wobenya nsu pa.
The education system is too expensive to be afforded by everyone.,Nwomasua no boɔ yɛ den dodo nti ɛnyɛ obiara na ɔbɛtumi atua ɛho ka.
There will be a training about fish farming in the town hall.,Wɔbɛyɛ nteteeɛ afa mpataa kuayɛ wɔ kuro no hyiadan no mu.
The number of food processing industries in the country increase every year.,Nnwumakuw a wɔyɛ nnuan ho adwuma wɔ ɔman no mu no dodow kɔ soro afe biara.
It's stated that he paid twice more than the real price for the latrines.,"Wɔka sɛ, otuaa sika a na ɛsɛ sɛ otua  yɛ tiafi no boroo so mmɔho mmienu."
The students complained about the expensive laboratory fees.,Sukuufo no nwiinwii wɔ aduruyɛdan mu ka a ne bo yɛ den no ho.
All school payments are to be postponed until end of the tragedy.,Ɛsɛ sɛ wɔtwe sukuu ka nyinaa kɔsi sɛ awerɛhosɛm no bɛba awiei.
Many Ghanaians have no access to clean water.,Ghanafo pii nnya nsu pa.
They banned the movement and sale of animals and their products in the markets.,Wɔtwaa mmoa nanteɛ ne wɔn tɔn ne wɔn nam wɔ dwa no mu.
The organization paid one millioncedis as a partner for the beauty pageant.,adwumakuo no tuaa ɔpepem biako sɛ ɔhokafo maa ahoɔfɛ akansi no.
Products from the park will have markets both locally and across borders.,nneɛma a efi abɔnten so atrae hɔ no benya gua ahorow wɔ mpɔtam hɔ ne ahye so nyinaa.
The bank has taken over the property for its client who failed to pay the loan.,Sikakorabea no agye agyapade no ama ne client a wantumi antua bosea no.
The district chairman accepted the blame only if payments are not made soon.,"Sɛ wɔantua sika ntɛm nkutoo a, ɔmantam no guamtrani no gyee asodi no toom."
More financial training is required before the money is sent to women savings groups.,Sikasɛm ho ntetee pii ho hia ansa na wɔde sika no akɔma mmea sikakorabea akuw.
Middle men always want to charge a higher price than the original.,Mfinimfini mmarima pɛ berɛ nyinaa sɛ wɔgye boɔ a ɛso sene boɔ no ankasa.
Refined water passes through pipes in order to get to the user.,nsu a wɔayɛ no yiye fa nsu afiri mu sɛnea ɛbɛyɛ a ebetumi akɔ nea ɔde di dwuma no nkyɛn.
People should preserve fish and get modern ways of displaying it to customers.,Ɛsɛ sɛ nkorɔfoɔ kora mpataa so na wɔnya nnɛyi akwan a wɔfa so de kyerɛ adetɔfoɔ.
"She resigned from her job because they were paying her little money, but now she has several businesses that are hiring some of the locals in that area.","Ogyaee n’adwuma esiane sɛ na wɔretua no sika kakraa bi nti, nanso mprempren ɔwɔ nnwuma pii a wɔrefa ɛhɔfo a wɔwɔ saa mpɔtam hɔ no bi adwuma."
"Improve factors that are associated with health and wellness, including safe communities, clean water and air, stable housing and access to affordable healthy food.","Tu mpɔn wɔ nneɛma a ɛfa akwahosan ne yiyedi ho, a nea ɛka ho ne mpɔtam a ahobammɔ wom, nsu ne mframa pa, adan a ɛyɛ den ne aduan a ahoɔden wom a ne bo yɛ den a wobenya."
People lack the income to buy machinery for agricultural activities.,Nkorɔfoɔ nni sika a wɔde bɛtɔ mfidie ayɛ kua nnwuma.
The money was used by vendors in the village.,sika no wɔn a wɔdi ho dwuma no na ɛde dii dwuma wɔ akuraa no ase.
Receipts are evidence that a payment has been made.,nkrataa a wɔde gye sika yɛ adanse a ɛkyerɛ sɛ wɔatua sika bi.
The government is trying to reduce on the costs of providing clean water.,Aban no rebɔ mmɔden ɔbɛte ka a wɔbɔ ansa na wɔatumi atu nsuo a ɛyɛ papa no so
"A boy was falsery alleged of accessing his money and on intervention ,he got fired.","Barima bi a wɔtwaa nkotompo too ne so susuu sɛ wabɔ awura ɔbarima bi sika mu na ɔyɛɛ sɛ ɔreboa no, wɔyii no adi."
The organization paid one millioncedis as a partner for the beauty pageant.,Ɛkuo no tuaa sedi mpem de maa ahoɔfɛ dwumadie no sɛ wɔka ho bi.
The village doesn't have access to clean water.,Akuraa no ase nni nsu pa.
The local community benefits when away fans come to watch football because people in the community sell their products to visiting football fans.,Kuro manfoɔ no nyaa mfasodeɛ pii firi akyitaafoɔ a wɔbɛhwɛɛ bɔɔlobɔ akansie no bi no ɛfiri sɛ wɔtɔn wɔn adwatɔndeɛ de maa ahɔho a wɔba no.
Local leaders in the Wassa East District have encouraged people to make healthier food choices.,Mpɔtam hɔ akannifoɔ a wɔwɔ Wassa Apuei Fam Mansini no mu ahyɛ nkurɔfoɔ nkuran sɛ wɔnpaw nnuan a ahoɔden wom.
The school needs money to construct extra classrooms.,Sukuu no hia sika na wɔde asi adesuadan afoforo.
Most of the agricultural products are food for us.,Kuadwuma mu nneɛma dodow no ara yɛ aduan ma yɛn.
More security guards were deployed at the market.,Wɔde awɛmfo pii kɔɔ gua no mu.
It is cheap to start a mobile money business.,Ɛyɛ nea ne bo nyɛ den sɛ wubefi mobile sika adwuma ase.
There was an increase in prices of basic food Staples during the lockdown.,Nnuane ho nneɛma binom boɔ bubɔɔ ho wɔ mmerɛ a na wɔmma kwan mma nnipa mpue abɔntene no mu.
Farmers after harvesting will have a ready market for their produce.,"Sɛ akuafo twa wɔn nnɔbae wie a, wobenya atɔfoɔ."
I pledged to give up some money for her wedding.,Mehyɛɛ bɔ sɛ mɛma sika bi ama n’ayeforohyia.
Parents were requested to pay school fees in time as private schools have different school fees structure.,Wɔka kyerɛɛ awofoɔ sɛ wɔntua sukuu ka wɔ berɛ ano ɛfiri sɛ ankorɛankorɛ sukuu ahodoɔ wɔ sukuu ka nhyehyɛeɛ sononko.
The machines help the farmers from removing the brown husks off the rice.,Mfidie no boa akuafoɔ no wɔ berɛ a wɔreyiyi nwura afiri mmoo mu.
"Plants cultivated include plantains, yams, manioc, corn, sweet potatoes, millet, beans, onions, peanuts, tomatoes, and many fruits.","Afifideɛ a wodua no bi ne brɔdeɛ, bayerɛ, manioc, aburo, abrɔdwoma, atoko, adua, ayɛyɛde, atoko, ntosi, ne nnuaba pii."
People lack machines to carry out rice processing.,Nkorɔfoɔ nni mfidie a wɔde bɛyɛ ɛmo ho adwuma.
Issuing water arrear payments requests should be done after coronavirus disease .,"Ɛsɛ sɛ nsuo tua ho ka no, wɔde ma no wɔ coronavirus yareɛ akyi ."
The food truck is his main source of income.,Ɔnya ne sika nyinaa firi aduane a ɔtɔn no lɔre mu no mu.
"He sells water to people, but he also uses it for domestic work.","Ɔtɔn nsu ma nkurɔfo, nanso ɔde yɛ ofie nnwuma nso."
It is very expensive to build a nice house.,Ɛyɛ den yie sɛ wobɛsi efie fɛfɛɛfɛ.
The community is able to get the food cheaply since it is grown locally.,Mpɔtam hɔfo tumi nya aduan no a ne bo nyɛ den efisɛ wodua wɔ mpɔtam hɔ.
I was asked to pay for drugs at the health center.,Wɔka kyerɛɛ me sɛ mintua nnubɔne ho ka wɔ akwahosan asoɛe hɔ.
I am earning very little money from the business.,Sika kakraa bi pɛ na merenya afi adwuma no mu.
That child has been selling bananas along the roadside for six months.,Saa abofra no atɔn banana wɔ kwan ho asram asia ni
Some students do casual labour to raise money for tuition.,Sukuufoɔ binom yɛ adwuma a wɔnyɛ hwee de nya sika de tua adesua.
Newspapers can be bought anywhere and their prices are low.,Wobetumi atɔ atesɛm nkrataa wɔ baabiara na ne bo nso sua.
He agreed to pay all the salary arrears by December.,Ɔpenee so sɛ ɔbɛtua akatua nyinaa wɔ Openima mu.
The project generally aims at creating a market for farm products and gives farmers a number of benefits in the Nandom districts,"Mpɛn pii no, adwuma no botae ne sɛ ɛbɛma wɔanya gua ama akuafoɔ nneɛma na ɛma akuafoɔ nya mfasoɔ dodoɔ bi wɔ Nandom mantam mu"
The district has banned the selling and consumption of local brewery in the area.,Ɔmantam no abara sɛ wɔbɛtɔn mpɔtam hɔ nsadan a ɛwɔ mpɔtam hɔ no na wɔadi.
The chief administrative officers will monitor the process of giving money to elders.,Aban mpanyimfo mpanyimfo no bɛhwɛ ɔkwan a wɔfa so de sika ma mpanyimfo no so.
The money was meant to boast their businesses.,sika no wɔde baa sɛ ɛmmɛ boa wɔn nwuma.
He was arrested for the illegal selling of timber.,Wɔkyeree no sɛ ɔtɔn nnua a mmara mma ho kwan.
The district officials connive with loggers to make money out of trees.,Mpanimfoɔ a wɔda mansini no ano no ne nnipa a wɔbubu nnua no ayɛ baako sɛdeɛ ɛbɛyɛ a wɔnɛnya sika afiri wɔn hɔ
Many people have no access to safe water.,Nnipa pii nnya nsuo pa.
My friend works with ministry of water and environment.,M’adamfo no ne nsu ne nneɛma a atwa yɛn ho ahyia ho som adwuma yɛ adwuma.
Fishermen complained about the water hyacinth on the lake.,Afarefoɔ no nwiinwii sɛ nsu mu nhwiren wɔ ɔtare no mu.
Aba also buys scholastic materials for her children.,Aba nso tɔ sukuu ho nneɛma ma ne mma.
Parents are obliged to pay school fees at the school.,Ɛyɛ nhyɛ ma awofoɔ sɛ wɔtwea wɔn mma sukuu feese.
"It is worth noting that towns are integral parts of the district, and the availability of a market for crops presents opportunities for farmers","Ɛfata sɛ yɛhyɛ no nsow sɛ nkurow yɛ mansini no fã titiriw, na gua a ɛwɔ hɔ ma nnɔbae no ma akuafo nya hokwan ahorow"
The expensive education system discourages parents from teaching their children.,Nwomasua a ne boɔ yɛ den no nhyɛ awofoɔ nkuran mma wɔnkyerɛ wɔn mma adeɛ
Someone wants to know how those without access to clean water can be helped.,Obi pɛ sɛ ohu sɛnea wobetumi aboa wɔn a wonni nsu pa.
Kingdoms get a lot of money from their various projects.,Ahennie ahodoɔ nya sika pii fi wɔn nnwuma ahodoɔ no mu.
People need to be educated about the importance of paying taxes.,Ɛsɛ sɛ yɛkyerɛ nkorɔfoɔ adeɛ fa hia a ɛhia sɛ wɔtua toɔ.
A new toilet is under construction at the old taxi park.,Wɔresi tiafi foforo wɔ taksi gyinabea dedaw no.
Over fifty taxis have been impounded for overloading.,Wɔagye lɔɔre (taksi) bɛboro aduonum asi hɔ wɔ amirikatuo pii nti.
I haven't had a pay raise in three years.,"Mfe abiɛsa ni a, minnyaa akatua a ntumuu."
People will use the quarry for fish farming.,Nkurɔfo de abodan no bɛyɛ mpataa a wɔyɛn wɔn.
Not enough money has been collected to pay the councillors.,Wɔnnyaa sika a ɛdɔɔso a wɔde betua afutufo no ka.
The youth received money to engage in a football competition.,Mmabun no nyaa sika de wɔn ho hyɛɛ bɔɔlbɔ akansi bi mu.
People did not receive the cattle provided by the government because leaders slaughtered the cattle for meat.,Nkorɔfoɔ annye anantwie a aban no de maeɛ no ɛfiri sɛ na akannifoɔ no kunkum anantwie no de yɛ nam.
The elders use the money to pay their medical bills.,Mpanimfoɔ no de saa sika no tua wɔn ayarehwɛ ho aka
The food donated during the pandemic lockdown was of poor quality.,"Aduane a wɔkyekyɛɛ no berɛ a aban ahyɛ sɛ obiara mpue no, na ɛnyɛ papa biara saa."
Parents have no money to send children to school.,Awofoɔ nni sika biara a wɔde wɔn mma bɛkɔ sukuu.
Private hospitals are usually expensive for some patients to afford.,ankorankoro ayaresabea ahorow no bo yɛ den ma ayarefo binom sɛ wobetumi atua.
"Coffee growing has sustained the lives of many people in Ghana, nevertheless, it is one of the cash crops grown in Ghana.","Kafe a wodua no ama nnipa bebree asetena akɔ so wɔ Ghana, ne nyinaa mu no, ɛyɛ sika nnɔbae a wodua wɔ Ghana no mu biako."
Is it cheaper to get your health insurance through your employer?,So ne boɔ nyɛ den sɛ wobɛfa w’adwumawura so anya w’apɔmuden ho insurance?
"For a doctor to serve well , he needs to be well paid.","Sɛ oduruyɛfo bi bɛsom yiye a, ɛsɛ sɛ wotua no ka yiye."
"Is it healthy for vendors to sleep in the market? Considerations should be made for the well-being and safety of vendors, including providing suitable accommodation outside the market premises.","So ɛyɛ papa sɛ adetɔnfoɔ bɛda dwa so? Ɛsɛ sɛ wɔsusu adetɔnfoɔ yi yedie ne ahobammɔ ho, a da berɛ a ɛfata a wɔbɛma wɔ dwa no akyi ka ho."
A medical worker was arrested for selling expired drugs to people.,Wɔkyeree ɔduruyɛfoɔ bi sɛ ɔtɔn nnuru a ne bere atwam ma nkurɔfo.
The district should provide people with food to eat.,Ɛsɛ sɛ mansini no no boa ma nkurɔfoɔ nya nnuane di
"The medical stores buys, stores and distributes drugs to health centers.","Aduruyɛ sotɔɔ ahodoɔ no tɔ nnuru, sie na wɔkyekyɛ ma apɔmuden asoɛe ahodoɔ no."
One of our friends ate poisonous food and died.,Yɛn nnamfonom mu biako dii aduan a awuduru wom na owui.
The water sources were fenced to protect them from animals.,Ná wɔabɔ nsu a ɛwɔ hɔ no ho ban de abɔ wɔn ho ban afi mmoa ho.
There is a specific amount of money we are supposed to pay every month.,Sika pɔtee bi wɔ hɔ a ɛsɛ sɛ yɛtua no bosome biara.
She has vowed to work very hard on the new water project.,waka ntam sɛ ɔbɛyɛ adwumaden kɛse wɔ nsu ho adwuma foforo no mu.
The district has sensitized people to create food reserves in their homes.,Ɔmantam no ama nkurɔfo ate nka sɛ wɔnyɛ aduan a wɔde besie wɔ wɔn afie mu.
The water used to be contaminated by sewage from the nearby toilet.,"Kan no, na nsu fĩ a efi tiafi a ɛbɛn hɔ no mu gu fĩ."
Some cattle keepers move from one place to another looking for grass and water.,Anantwihwɛfo binom tu fi baabi kɔ baabi foforo kɔhwehwɛ sare ne nsu.
Reusable pads are cheaper compared to other sanitary pads.,Pads a wotumi de di dwuma bio no bo yɛ mmerɛw sɛ wɔde toto sanitary pads afoforo ho a.
I planted water meron seeds in my garden.,Miduaa wɔtamelɔ aba wɔ me turo mu.
The seeds are majorly for cultivation since money can be earned from harvests.,Aba no yɛ ma titire sɛ wɔbɛdua ɛfiri sɛ yɛbɛtumi anya sika afiri ne twa mu.
"The medical stores buys, stores and distributes drugs to health centers.","Nnuro sotɔɔ ahodoɔ no wɔtotɔ, wɔsie na wɔsane nso kyekyɛ nnuro de ma ayaresabea ahodoɔ no."
The market for agricultural products is available within and outside the country.,Ɛdwa ma kuayɛ nnuane wɔ ɔman no mu ne akyire.
It requires a lot of money to smoothly run the health sector and this year the money budgeted for the main hospital is very little.,Ɛgye sika pii na ama wɔatumi ayɛ apomuden adwuma no yie na afe yi sika a wɔayɛ ama ayaresabea kɛseɛ no sua koraa.
The people have clean sources of water supply.,Nkurɔfo no wɔ nsu fibea ahorow a ɛho tew.
"We wrote a long shopping list, preparing for our upcoming shopping trip.","Yɛtwerɛɛ nneɛma tenten a na yɛrekɔtotɔ, yɛresiesie yɛn ho ama adwadie akwantuo a na ɛda yɛn anim no."
People do not have money to buy food from the market.,Nkorɔfoɔ nni sika a wɔde bɛtɔ aduane afiri dwam.
I do not have enough money to pay for my children's school fees this term.,Minni sika a ɛdɔɔso a mede betua me mma sukuu ka wɔ tɛm yi mu.
"For someone to do his job well , he/she has to be well paid.","Sɛ obi bɛyɛ n'adwuma yiye a, ɛsɛ sɛ wotua no ka yiye."
Poverty is the leading cause of people selling the cows.,Ohia ne ade titiri a ɛma nkurɔfo tɔn anantwie no.
Lack of funds to establish processing plants has encouraged fish contamination.,Sika a wonnya mfa nsi mmeae a wɔyɛ nneɛma a wɔde yɛ nneɛma no ahyɛ mpataa a wɔde efĩ ba ho nkuran.
Patients are encouraged to only buy medicine prescribed by the doctors to only buy medicine prescribed by doctors.,Wɔhyɛ ayarefoɔ nkuran sɛ wɔntɔ nnuru a adɔkotafoɔ akyerɛ ama wɔn nko ara na wɔntɔ nnuru a adɔkotafoɔ akyerɛ ama wɔn nko ara.
National water aimed at expanding the water supply system for the people of Gbawe.,Ɔman nsuo de yɛɛ wɔn botaeɛ ne sɛ wɔbɛtrɛ nsuo a wɔde ma Gbawefoɔ no mu.
The government has laid aside funds towards the construction of boreholes to improve on the accessibility of water in the region.,Aban no ayi sika bi ato nkyɛn a wɔde bɛtutu nsuo sɛdeɛ ɛbɛyɛ ɛbɛboa ama ɔmanfoɔ anya nsu pa wɔ mantam no mu
People who are selling pork have gone out of business.,Nnipa a wɔtɔn mprako nam no agyae adwuma.
The school committee will find a solution for the running water.,Sukuu boayikuw no benya ano aduru ama nsu a ɛreworo so no.
How much money do you spend on shopping?,Sika ahe na wosɛe no de tɔ nneɛma?
People in the village cook food on firewood.,Nkorɔfoɔ a wɔwɔ nkuraase no nua aduane wɔ gya so.
Lack of a consistent water supply affects fish farmers in James Town.,Nsuo a wonnya daa no ka mpataayifoɔ a wɔwɔ James Town.
The people will get money after selling the construction materials to the company.,Nkurɔfo no benya sika bere a wɔatɔn adansi nneɛma no ama adwumakuw no awie no.
Most people have small pieces of land that they use to practice farming.,Nnipa dodow no ara wɔ asase nketenkete a wɔde yɛ kua.
Most drink up parties are at home because of the lockdown.,Wɔyɛ Nsã anigye nhyiam dodow no ara wɔ fie esiane anohyeto wɔ pue so nti.
He begged for investigation on the issue of staff claiming money of dismissed workers.,Ɔsrɛɛ sɛ wɔnhwehwɛ adwuma no mu adwumayɛfo a wɔagyae wɔn adwuma no sika a wɔhwehwɛ no mu.
The groom gives bride price to his future in-laws.,Ɔbarima a ɔrekɔware no tua tire adeɛ ma ne nsenom
How can one identify real money from fake money?,Ɔkwan bɛn so na obi betumi ahu sika ankasa afi atoro sika mu?
People selling pork will start selling goat meat.,Nkorɔfoɔ wɔtɔn prɛko nam no bɔhyɛ aseɛ atɔn odwan nam.
Majority of the youth these days want quick money.,Mmabunu dodoɔ no ara nnansa yi pɛ sika ntɛm.
There has been a delay in the distribution of food during the lockdown.,Wɔankyekyɛ nnuane ntɛm berɛ a na wɔmma nnipa mpue abɔntene no.
Supply of mosquito nets to people living near water bodies in order to combat malaria,Nwansena afiri a wɔde bɛma nnipa a wɔte bɛn nsuo mu sɛdeɛ ɛbɛyɛ a wɔbɛko atia asramma
The swimmer gracefully glided through the water. He completed each stroke with precision.,Asudwareni no yɛɛ adom faa nsuo no mu. Ɔwiee ɔhweɛ biara pɛpɛɛpɛ.
Product prices are always low on black Friday.,nneɛma bo yɛ mmerɛw bere nyinaa wɔ Fiada tuntum.
Lake Albert fishermen that lack latrines and clean water access are risking cholera infections.,Lake Albert apofofoɔ a wonni tiafi ne nsuo pa no de wɔn ho to asiane mu sɛ wobenya kɔlera.
Teachers in Ghana are not paid well .,Akyerɛkyerɛfo a wɔwɔ Ghana no nnya akatua pa .
Police should aim at efficient service delivery instead of asking for money.,Ɛsɛ sɛ polisifoɔ de wɔn ani si so sɛ wɔde ɔsom adwuma a etu mpɔn bɛma sen sɛ wɔbɛsrɛ sika.
The money will now go to the youth groups immediately.,sika no bɛkɔ mmabunu nkabɔm kuo ahodoɔ no hɔ seisei ara.
"Her boss has been forcing her to steal money from the company on his behalf, and she lied about her mother's sickness.","N’adwumawura ahyɛ no ma wawia sika afi adwumakuw no hɔ wɔ ne din mu, na odii atoro faa ne maame yare no ho."
The malnourished children have been put on therapeutic foods.,Mmɔfra a wɔanya aduane papa anie kane no wɔde wɔn ato nnsuro nnuane so.
Many officials are claiming not to have received any money after misusing it.,Aban mpanyimfoɔ pii reka sɛ wɔannya sika biara bere a wɔde dii dwuma ɔkwammɔne so akyi.
The doctor encouraged us to eat fruits and vegetables.,Dɔkotafoɔ no hyɛɛ yɛn nkuran sɛ yɛnni nnuabe ne atosodeɛ
"On that road, there is a gang of boys who snatch people's bags.","Wɔ saa kwan no so no, mmarimaa kuw bi wɔ hɔ a wogye nkurɔfo baagɛ."
There is easy access to the market for agricultural output and modern inputs.,Ɛyɛ mmerɛ sɛ wɔkɔ dwa wɔ deɛ ɛfiri kuayɛ ba mu ne nnɛ yi nnoɔma a wɔde hyɛ mu ho.
The fisherman said there is a low fish market now.,"Ɔfareni no kaa sɛ, adwene ho adwadie no nkɔ so saa seesei."
There is always misappropriation of money whenever the people do not follow up on the expenditures.,Berɛ biara wɔyɛ sika no basabasa berɛ a nkurɔfoɔ no amfa sika ho nhyehyɛeɛ a wɔayɛ no anyɛ adwuma.
Farmers were forced to plant mangoes and citrus fruits.,Wɔhyɛɛ akuafo no ma woduaa mango ne nnuaba ahorow.
Police arrested parents who refused to pay school fees for their children.,Polisifoɔ kyeree awofo a wɔpowee sɛ wobetua wɔn mma sukuu ka.
Farmers have acquired an interest in rice growing.,Akuafo ani abegye ɛmo a wodua no ho.
People are living in extended families due to high rental prices in Accra,Nkorɔfoɔ te abusua fie ɛnam ɛdanhan boɔ a akɔ soro wɔ Nkran nti.
"During the lockdown, prices of some food items were high.","Wɔ lockdown no mu no, na nnuan bi bo yɛ den."
The traders will pay taxes to the government.,Aguadifo no betua tow ama aban no.
Some youths participate in sports betting expecting to win big money.,Mmabunu binom de wɔn ho hyɛ agumadi mu kyakyatow mu a wɔhwɛ kwan sɛ wobenya sika kɛse.
The money is used by teachers to pay off their loans.,sika no akyerɛkyerɛfoɔ no na ɛde tua wɔn bosea no.
Some rural areas in Ghana have no access to clean water.,Nkuraase mmeaɛ bi wɔ Ghana nni nsu pa.
Depositing money on personal mobile money accounts is a free-cost service.,Sika a wode bɛto ankorankoro mobile money akontaabu so no yɛ adwuma a wontua hwee.
If roads flood with water then transport will be greatly affected,Sɛ nsuo yiri fa akwan so a ɛnde ɛbɛka akwantuo pa ara.
Her option of lowering prices to entice more customers failed.,Ɔkwan a ɔfaa so sɛ ɔbɛtew nneɛma bo so de atwetwe adetɔfo pii no ankosi hwee.
The customers are few ever since the tax was introduced.,"Fi bere a wɔde tow no bae no, adetɔfo no sua."
Buses and taxis were also banned from moving during the lockdown.,Wɔbaraa bɔs ne taksi nso sɛ ɛnkɔ baabiara wɔ bere a wɔatoto mu no
The organization won't have enough revenue to pay all employee at once.,adwumakuo no rennya sika a ɛdɔɔso a ɛbɛma wɔatua adwumayɛfo nyinaa ka prɛko pɛ.
Some people can't afford to buy indoor sprays.,Nnipa binom ntumi ntɔ nnuru a wɔde petepete dan mu.
"Common foods for Ghanaians are Kenkey, Palm nut soup, Abolish,Kpoikpoi,Akple and Fetri Detsi,Waakye, Shito, Banku, Groundnut soup, Palm wine, Gari Foto, Omo Tuo and more.","Nnuan a Ghanafo taa di ne Kenkey, Palm nut soup, Abolish,Kpoikpoi,Akple ne Fetri Detsi,Waakye, Shito, Banku, Groundnut soup, Palm wine, Gari Foto, Omo Tuo ne nea ɛkeka ho."
How much money is needed to change one's way of living?,Sika ahe na ehia na ama obi asesa n’asetra kwan?
The education system is too expensive to be afforded by everyone.,Nwomasua no boɔ yɛ den dodo sɛ obiara bɛtumi atua ɛho ka.
It is your responsibility to take care of your life and hence it is not good to prepare food in a dirty place.,Ɛyɛ w’asɛdeɛ sɛ wobɛhwɛ w’asetena so na ɛno nti ɛnyɛ papa sɛ wobɛsiesie aduane wɔ baabi a ɛho ntew.
Stagnant water around homes can lead to an increased number of mosquitos.,Nsu a egyinagyina wɔ afie ho no betumi ama nwansena adɔɔso.
"The princess donated soap, clothes and food to the orphans.","Ɔhemmaa no de samina, ntade ne aduan maa nyisaa no."
"Teachers in Ghana complain about the little salary they get , that they cannot sustain the families and pay back loans with it.","Akyerɛkyerɛfoɔ a wɔwɔ Ghana nwiinwii wɔ akatua ketewa a wɔnya no ho , sɛ wɔrentumi nhwɛ mmusua no na wɔmfa ntua bosea."
To be able to get water quickly you have to be at the borehole very early.,Sɛdeɛ ɛbɛyɛ a wobɛnya nsuo ntɛm no ɛsɛ sɛ wokɔ nsuo a wɔatu no ho ntɛm pa ara.
She is known for being thrifty. She is always finding ways to save money and make wise financial decisions.,Wonim no sɛ ɔyɛ obi a ɔkora sika pii so. Ɔrehwehwɛ akwan a ɔbɛfa so akora sika so na wasisi sikasɛm ho gyinae a nyansa wom bere nyinaa
Mobile money agents are involved in recent crimes.,Fon sika ho adwumayɛfo de wɔn ho hyɛ nsɛmmɔnedi a ɛkɔ so nnansa yi mu.
The water standard of cleanliness was still lacking.,Ná nsu ho gyinapɛn a ɛfa ahotew ho no da so ara nni hɔ.
Officially one that has made a payment should be given a receipt.,"Wɔ aban kwan so no, ɛsɛ sɛ wɔma obi a watua sika no krataa a wɔde di adanse."
Some village youths have resorted to pushing travelers through the mud for quick money.,Akuraa ase mmabun binom de wɔn ho ahyɛ akwantufo a wɔbɛpia wɔn afa atɛkyɛ mu so de anya sika ntɛm
Anloga should not have street children around the city centre begging for money.,Ɛnsɛ sɛ Anloga nya mmofra a wɔwɔ mmɔnten so wɔ kuro no mfinimfini a wɔsrɛsrɛ sika.
The agricultural sector was allocated a lot of money.,Wɔkyekyɛɛ kuayɛ adwuma no sika pii.
How much money will be allocated to the project in the next financial year?,Sika ahe na wɔbɛkyekyɛ ama adwuma no wɔ sikasɛm afe a edi hɔ no mu?
People fear to wed because of the huge costs incurred.,Nkorɔfoɔ suru sɛ wɔbɛyɛ ayeforɔ ɛsiane ɛka kɛseɛ a ɛwɔ mu nti.
"Failure to follow the standard operating procedures can lead to the closure of the market, emphasizing the importance of adhering to guidelines for public safety.","Sɛ wɔanni nhyehyɛe a wɔde yɛ adwuma no so a, ebetumi ama wɔato gua no mu, na eyi si hia a ɛho hia sɛ wodi akwankyerɛ ahorow a ɛfa ɔmanfo ahobammɔ ho so no so dua."
People have now resorted to underground water sources.,Seesei nkorɔfoɔ tu nsuo wɔ fam.
How can we ensure adquate supply of food?,Yɛbɛyɛ dɛn atumi ahwɛ ahu sɛ yebenya aduan a ɛfata?
Farmers produce enough food for both local and international markets.,Akuafo nya nnuan a ɛbɛso wɔn a wɔwɔ ɔman no mu ne aman foforo so nyinaa.
Budgets indicate estimates of costs that can be adjusted.,Budget ahorow kyerɛ ɛka a wɔbɔ ho akontaabu a wobetumi ayɛ mu nsakrae.
Millions of people rery on animals for food.,Nnipa ɔpepem pii de wɔn ho to mmoa so na  ama wonya aduan.
The market vendors advocated for early sex education.,Wɔn a wɔtɔn nnoɔma wɔ dwam no kyerɛɛ sɛ wɔnyɛ nkyerekyerɛ mfa mmaa ne mmarima nhyiamudie ho.
People are encouraged to grow both food and cash crops.,Wɔhyɛ nkorɔfoɔ nkuran sɛ wonnua nnuane ne sika nnɔbaeɛ nyinaa.
Taxi drivers are on a sit down strike over the new express penalty system.,Taksikafoɔ reyɛ adwumaden wɔ tra ase wɔ asotwe nhyehyɛe foforo a wɔde ma ntɛmntɛm no ho.
The community raised money for him to be transferred to another hospital.,Mpɔtam hɔfo boaboaa sika ano maa wɔde no kɔɔ ayaresabea foforo.
Taxis load and off load passengers in the middle of the road.,Taksi ahorow de nneɛma gu akwantufo so na wɔde nneɛma gu mu wɔ ɔkwan no mfinimfini.
Some people never want to pay off their debts.,Nnipa binom mpɛ sɛ wobetua wɔn ka da.
Some medical doctors refused to do their work due to delayed salary payment.,Nnuruyɛfo binom ampene sɛ wɔbɛyɛ wɔn adwuma esiane akatua a wɔkyɛe nti.
I need to learn how to bake cakes and bread.,Ɛsɛ sɛ misua sɛnea wɔtow keeki ne paanoo.
"The head of the family traditionally sprinkles kpoikpoi (a process called ""Nishwamo"") and pours drinks to the ground to honor ancestors following the preparation of Homowo food on Saturday.","Abusua ti no petepete kpoipkoi (wɔfrɛ saa nneyɛɛ yi ""Nishwamo"") na ɔgu nsa de hyɛ nananom nsamanfoɔ animouyam de yɛ ahoboa ma Homowo aduane no Memeneda."
The amount of money received could not cover all the necessary costs.,Sika dodow a wonyae no antumi antua ɛka a ɛho hia nyinaa
People do not have enough food to eat.,Nkorɔfoɔ nni aduane pii a wɔbɛdi.
Many Ghanaian youths suffer from disease like diabetes due to the way the feed and the food the feed on.,Ghana mmabun pii nya nyarewa te sɛ asikreyare esiane ɔkwan a wɔfa so di aduane ne aduane a wodi nti.
The municipal council has improved water supply in refugee-hosting communities.,Mansini no kansele no atu mpɔn wɔ nsuo kyekyɛ mu wɔ baabi a atubrafoɔ teɛ.
Politicians are still donating food to members of their constituencies during the lockdown.,amammuifoɔ da so ara de aduane rema wɔn amansin mufoɔ wɔ lockdown no mu
A farmer can own more than one piece of land.,Okauni bɛtumi anya asase bɛboro baako.
Children should be allowed to sit for exams without paying school fees.,Ɛsɛ sɛ wɔma mmofra kwan ma wɔtra sɔhwɛ mu a wontua sukuu ka.
Some residents of our community earn money from selling stones.,Wɔn a wɔte yɛn mpɔtam hɔ no bi nya sika fi abo a wɔtɔn mu.
Most markets sell goods at a cheaper price.,Guadibea dodow no ara tɔn nneɛma a ne bo nyɛ den.
Money is needed in the fight against diseases.,Sika ho hia wɔ nyarewa a wɔko tia no mu.
People are selling their land to get money.,Nkorɔfoɔ retɔn wɔn nsase anya sika.
There are high chances of a team to succeed if they have a lot of money.,Ɛnyɛ den sɛ ekuo a wɔwɔ sika pii bɛtumi agyina
People want to become fish farmers though they lack capital.,Nkorɔfoɔ pɛ sɛ wɔyɛ namyifoɔ mpo wɔ berɛ a wɔnni sika a wɔde bɛyɛ.
Parents are advised to look for money earlier so that children sit exams.,Yɛtu awofoɔ fo sɛ wɔnhwehwɛ sika ntɛm sɛdeɛ ɛbɛyɛ a wɔn mma bɛtwerɛ nsɔhwɛ no bi.
The bishop informed Christians that holy matrimony is more important than food and drinks.,Ɔsɔfopɔn no bɔɔ Kristofo amanneɛ sɛ aware kronkron ho hia sen aduan ne anonne.
Club fans will buy bus tickets to support players.,Club akyidifo bɛtɔ bɔs tekiti de aboa agodifo.
A bridge should be built to ease the transportation of farm produce to the market.,Ɛsɛ sɛ wɔyɛ ɛtwene sɛdeɛ wɔde afuom nnɔbae reba dwam a wɔn ho bɛhaaha wɔn.
The youths are encouraged to make vegetable gardens.,Wɔhyɛ mmabun no nkuran sɛ wɔnyɛ nhabannuru turo.
People grow crops which have a ready market.,Nkorɔfoɔ dua nnuane a ɛwɔ dwa wɔ dwam.
Taxi drivers have rejected the proposal to share the park with trucks.,Taksikafo apow nyansahyɛ a ɛne sɛ wɔne lɔre ahorow bɛkyɛ abɔnten so atrae no.
A given amount of money is allocated to the youth every year.,Wɔatwa sika bi ato hɔ ama mmaabunu afe biara.
It is good to pay off your debts on time.,Ɛyɛ papa sɛ wubetua w’aka wɔ bere ano.
The vendors complained about the security of the market.,Adetɔnfo no nwiinwii wɔ gua no ahobammɔ ho.
Hoter businesses usually deal in food and accommodation.,Nnwumakuw a wɔyɛ hyew taa di aduan ne dabere ho dwuma.
How much can a swimming pool construction cost?,Sika ahe na wobetumi de asi asuguarebea?
Leaders need to be paid their salaries for a smooth work flow.,Ɛsɛ sɛ wotua akannifoɔ akatua na ama adwumayɛ akɔ so yie.
How does the bank recover its money if someone fails to pay back the loan?,"Sɛ obi antumi antua bosea no a, ɛbɛyɛ dɛn na sikakorabea no anya ne sika?"
The newly constructed bridge is swept away by running water.,Nsu a ɛsen fa abɔntenban a wɔasi foforo no so.
"The Kpone Katamanso District officials will hold a meeting to discuss people's challenges, including the pressing issue of Ashaiman market lacking a public toilet.","Kpone Katamanso Mansini no mu mpanimfoɔ bɛyɛ nhyiamu bi de asusu ɔmanfoɔ no haw ho, a Ashaiman dwa a agyananbea nni mu no nso ka ho."
Community leaders have closed a factory for polluting the water stream.,Mpɔtam hɔ akannifo ato adwumayɛbea bi mu esiane sɛ wɔde efĩ ba nsu asuten no mu nti.
The headteacher requested all parents to pay school fees in time.,Sukuupanin no ka kyerɛɛ awofoɔ nyinaa sɛ ɛsɛ sɛ wɔtua wɔn mma sukuu fiisi berɛ ano.
Efforts are being carried out to ensure food security.,Wɔrebɔ mmɔden sɛ wobenya aduan ho ahobammɔ.
Some children are unable to access basic needs like clean water.,Mmofra binom ntumi nnya ahiade atitiriw te sɛ nsu pa.
Clean water is safer and better for use.,Nsu a ɛho tew yɛ nea ahobammɔ wom na eye sɛ wɔde bedi dwuma
"Segregation too was rising as payments, rent ,and meals weren't equally distributed by contractors.","na mpaapaemu nso rekɔ soro bere a na adwumayɛfo a wɔyɛ adwuma wɔ hɔ no nkyekyɛ sikatua, dan ka ,ne aduan pɛpɛɛpɛ no."
Agricultural products are on high demand in the world market.,Wɔhwehwɛ kuayɛ nneɛma kɛse wɔ wiase afanaa nyinaa dwa so.
The organisers of the sports gala will be paid.,Wɔbɛtua wɔn a wɔyɛ agumadi afahyɛ no ho nhyehyɛe no ka.
Many parents have opted to pay school fees using mobile money.,Awofoɔ pii apaw sɛ wɔde sika a egu elɛktrɔnik afidie so betua sukuu ka.
Some people cannot afford to acquire a driving permit because of its cost.,Nnipa binom ntumi nnya karka tumi krataa esiane ɛka a wɔbɔ nti.
He was very disappointed by the little pay.,Akatua kakraa bi a onyae no maa n’abam bui kɛse.
The headteacher advised students not to drink alcohol.,Sukuu panin no tuu sukuufoɔ no fo sɛ ɛnsɛ sɛ wɔnom nsa.
The students' school fees is paid through the bank.,Wɔnam sikakorabea no so tua asukuufoɔ no feese.
The armed robberies have stolen money from the hardware business.,Adwowtwa a wɔde akode ayɛ no awia sika afi hardware adwuma no mu.
The government is encouraging farmers to produce more agricultural products since the market is available.,Aban no rehyɛ akuafoɔ nyinaa sɛ wɔnyere wɔn ho nnɔ nnɔbaeɛ bebree ɛfiri sɛ wɔbɛnya atɔfoɔ
The hospital keeps the medicine in the medical stores.,Ayaresabea no kora nnuro no wɔ ɛdan a wɔkora nnuro wɔ mu no mu.
Money for road repairs usually comes through bank loans.,"Mpɛn pii no, sika a wɔde siesie akwan no nam sikakorabea boseabɔ so na ɛba."
Districts have used the money that has been allocated to them in the budget.,Amansin de sika a wɔde ama wɔn wɔ sikasɛm nhyehyɛe no mu no adi dwuma.
Budgets indicate expected cash inflows and cash outflows.,Budget ahodoɔ kyerɛ sika a wɔhwɛ kwan sɛ wobenya ne sika a ɛbɛba.
The minister donated twenty bags of cement in renovation of the council building.,Ɔsoafoɔ no de Sɛmɛnte (Cement) kotokuo aduonu maae sɛ wɔmfa nsiesie afotufoɔ dan no.
"Come culture killed elephants, snails, Parrot, crab, buffaloes and hippopotamuses for meat.","Bra amammerɛ kumm asono, nnwa, ako, kɔtɔ, ɛkoɔ ne Susono nam."
Agents can immediately access money from the bank to meet customer demands.,Adwuma bi nanmusifoɔ betumi anya sika afi sikakorabea hɔ ntɛm ara de adi adetɔfo ahiade ho dwuma.
Food is one of the basic needs for people and should be taken in the right proportions.,"Aduan yɛ nnipa ahiade atitiriw no mu biako, na ɛsɛ sɛ wodi no sɛnea ɛfata."
I can send and receive money through a mobile money agent.,Metumi amena asan agye sika afiri mobaa sika ohwefo nkyen.
Doctors in public hospitals are not well paid.,Nnuruyɛfo a wɔwɔ ɔman ayaresabea ahorow no nnya akatua pa.
"Farmers grow mangoes, apples, avocados and cocoa and acquired income from selling fruits.","Akuafo no dua mango, aprɛ, paya ne cocoa, na wonya wɔn ho sika fi nnuaba a wɔtɔn no mu."
Some teachers complain that they are poorly paid by the government.,Akyerɛkyerɛfoɔ binom nwiinwii sɛ aban no ntua wɔn ka yiye.
Money extortion issues are very common these days.,Sika a wɔde ahoɔden anaa ahunahuna gye ho nsɛm abu so kɛse nnansa yi.
There was poor accountability of the food relief that was distributed.,Waɔmmu nnuane a wɔkyekyɛeɛ no ho akontaa yie.
Medicine and surgery students require more money compared to the rest.,Aduroyɛ ne oprehyɛn ho adesuafo hwehwɛ sika pii sɛ wɔde toto wɔn a aka no ho a.
The village leaders have ensured the availability of regular water supply.,Akuraa no ase akannifo ahwɛ ahu sɛ wobenya nsu a wɔde ma daa.
All pensioners should be given their money without fail,Ɛsɛ sɛ aban adwumayɛfoɔ a wɔwɔ ahomegyeɛ mu no nya wɔn sika wɔ berɛ nkuguo biara nni mu.
The judgment creditor is the person who is owed money under a court judgment.,Onipa atɛmmuo no ma no biribi ne onipa a obi de no ka wɔ atɛmmuo bi mu.
Availability of ready market for agriculture products encourages farmers.,Guadi a wɔasiesie a wɔde besi kuayɛ mu nneɛma a wobenya no hyɛ akuafo nkuran.
People should put on life jackets when using water transport.,Ɛsɛ sɛ nkorɔfoɔ hyɛ nkwagyeɛ ntadeɛ berɛ a wɔde nsuo mu kaa redi dwuma no.
Some sports team players are paid a monthly salary.,Wotua agumadi kuo mu agodifoɔ binom akatua ɔsram biara.
"Last year, many people deliberately refused to pay taxes in our district.","Afe a etwaam no, nnipa pii hyɛɛ da powee sɛ wobetua toɔ wɔ yɛn mantam no mu."
Some youths deliberately refuse to pay back the money.,Mmabunu binom hyɛ da pow sɛ wobetua sika no.
Swindle is to get money dishonestly from someone by cheating or deceiving them.,Nsisi ne sɛ wubenya sika afi obi hɔ wɔ nokwaredi mu denam nsisi anaa nnaadaa a wobɛdaadaa no so.
Road construction works are expensive to the districts.,Akwan a wɔyɛ no bo yɛ den ma amansin no
Fish is highly perishable and needs proper preservation.,Mpataa tumi sɛe ntɛmntɛm na ehia sɛ wɔkora so yiye.
Local leaders should prioritize the safety of market vendors by implementing measures to protect their health and well-being.,Ɛsɛ sɛ mpɔtam hɔ akannifoɔ de dwa so adetɔnfoɔ ahobammɔ di kan denam nneɛma a wɔde begu akwan mu de abɔ wɔn akwahosan ne wɔn yiyedi ho ban no so.
Farmers now sell their crops to earn money.,Mprempren akuafo tɔn wɔn nnɔbae de nya sika.
Criminals are now fond of kidnapping people with aim of asking for money.,Mprempren nsɛmmɔnedifo ani gye ho sɛ wɔbɛkyere nkurɔfo a wɔn botae ne sɛ wɔbɛsrɛ sika.
